[    3961ms] [ERROR] Failed to load resource: the server responded with a status of 429 () @ https://o4509603705192449.ingest.de.sentry.io/api/4509605576441937/envelope/?sentry_version=7&sentry_key=1065a1d276a581316999a07d5dffee26&sentry_client=sentry.javascript.react%2F9.46.0:0
[  100543ms] [ERROR] Failed to load resource: the server responded with a status of 429 () @ https://o4509603705192449.ingest.de.sentry.io/api/4509605576441937/envelope/?sentry_version=7&sentry_key=1065a1d276a581316999a07d5dffee26&sentry_client=sentry.javascript.react%2F9.46.0:0
[ 4646047ms] [ERROR] Failed to load resource: the server responded with a status of 502 () @ https://dashboard.powerclubglobal.com/api/task-attempts?task_id=11b39d8b-b644-4e41-ac36-b88aceaf3e52:0
[ 4646053ms] [ERROR] [API Error] {message: Request failed with status 502, status: 502, response: Response, endpoint: https://dashboard.powerclubglobal.com/api/task-attempts?task_id=11b39d8b-b644-4e41-ac36-b88aceaf3e52, timestamp: 2026-03-07T17:55:19.580Z} @ https://dashboard.powerclubglobal.com/assets/index-Ccq6DXzw.js:659
[ 4647402ms] [ERROR] Failed to load resource: the server responded with a status of 502 () @ https://dashboard.powerclubglobal.com/api/task-attempts?task_id=11b39d8b-b644-4e41-ac36-b88aceaf3e52:0
[ 4647403ms] [ERROR] [API Error] {message: Request failed with status 502, status: 502, response: Response, endpoint: https://dashboard.powerclubglobal.com/api/task-attempts?task_id=11b39d8b-b644-4e41-ac36-b88aceaf3e52, timestamp: 2026-03-07T17:55:20.933Z} @ https://dashboard.powerclubglobal.com/assets/index-Ccq6DXzw.js:659
[ 4648494ms] [ERROR] WebSocket connection to 'wss://dashboard.powerclubglobal.com/api/tasks/stream/ws?project_id=00000000-0000-0000-0000-000000000001' failed: Error during WebSocket handshake: Unexpected response code: 502 @ https://dashboard.powerclubglobal.com/assets/project-tasks-CeeYSht9.js:189
[ 4651116ms] [ERROR] Failed to load resource: the server responded with a status of 502 () @ https://dashboard.powerclubglobal.com/api/task-attempts?task_id=11b39d8b-b644-4e41-ac36-b88aceaf3e52:0
[ 4651117ms] [ERROR] [API Error] {message: Request failed with status 502, status: 502, response: Response, endpoint: https://dashboard.powerclubglobal.com/api/task-attempts?task_id=11b39d8b-b644-4e41-ac36-b88aceaf3e52, timestamp: 2026-03-07T17:55:24.648Z} @ https://dashboard.powerclubglobal.com/assets/index-Ccq6DXzw.js:659
[ 4653436ms] [ERROR] WebSocket connection to 'wss://dashboard.powerclubglobal.com/api/tasks/stream/ws?project_id=00000000-0000-0000-0000-000000000001' failed: Error during WebSocket handshake: Unexpected response code: 502 @ https://dashboard.powerclubglobal.com/assets/project-tasks-CeeYSht9.js:189
[ 4655476ms] [ERROR] Failed to load resource: the server responded with a status of 502 () @ https://dashboard.powerclubglobal.com/api/task-attempts?task_id=11b39d8b-b644-4e41-ac36-b88aceaf3e52:0
[ 4655477ms] [ERROR] [API Error] {message: Request failed with status 502, status: 502, response: Response, endpoint: https://dashboard.powerclubglobal.com/api/task-attempts?task_id=11b39d8b-b644-4e41-ac36-b88aceaf3e52, timestamp: 2026-03-07T17:55:29.007Z} @ https://dashboard.powerclubglobal.com/assets/index-Ccq6DXzw.js:659
[ 4661457ms] [ERROR] Failed to load resource: the server responded with a status of 502 () @ https://dashboard.powerclubglobal.com/api/task-attempts?task_id=11b39d8b-b644-4e41-ac36-b88aceaf3e52:0
[ 4661458ms] [ERROR] [API Error] {message: Request failed with status 502, status: 502, response: Response, endpoint: https://dashboard.powerclubglobal.com/api/task-attempts?task_id=11b39d8b-b644-4e41-ac36-b88aceaf3e52, timestamp: 2026-03-07T17:55:34.988Z} @ https://dashboard.powerclubglobal.com/assets/index-Ccq6DXzw.js:659
[ 4662575ms] [ERROR] WebSocket connection to 'wss://dashboard.powerclubglobal.com/api/tasks/stream/ws?project_id=00000000-0000-0000-0000-000000000001' failed: Error during WebSocket handshake: Unexpected response code: 502 @ https://dashboard.powerclubglobal.com/assets/project-tasks-CeeYSht9.js:189
[ 4662800ms] [ERROR] Failed to load resource: the server responded with a status of 502 () @ https://dashboard.powerclubglobal.com/api/task-attempts?task_id=11b39d8b-b644-4e41-ac36-b88aceaf3e52:0
[ 4662801ms] [ERROR] [API Error] {message: Request failed with status 502, status: 502, response: Response, endpoint: https://dashboard.powerclubglobal.com/api/task-attempts?task_id=11b39d8b-b644-4e41-ac36-b88aceaf3e52, timestamp: 2026-03-07T17:55:36.332Z} @ https://dashboard.powerclubglobal.com/assets/index-Ccq6DXzw.js:659
[ 4665149ms] [ERROR] Failed to load resource: the server responded with a status of 502 () @ https://dashboard.powerclubglobal.com/api/task-attempts?task_id=11b39d8b-b644-4e41-ac36-b88aceaf3e52:0
[ 4665150ms] [ERROR] [API Error] {message: Request failed with status 502, status: 502, response: Response, endpoint: https://dashboard.powerclubglobal.com/api/task-attempts?task_id=11b39d8b-b644-4e41-ac36-b88aceaf3e52, timestamp: 2026-03-07T17:55:38.681Z} @ https://dashboard.powerclubglobal.com/assets/index-Ccq6DXzw.js:659
[ 4670593ms] [ERROR] Failed to load resource: the server responded with a status of 502 () @ https://dashboard.powerclubglobal.com/api/task-attempts?task_id=11b39d8b-b644-4e41-ac36-b88aceaf3e52:0
[ 4670593ms] [ERROR] [API Error] {message: Request failed with status 502, status: 502, response: Response, endpoint: https://dashboard.powerclubglobal.com/api/task-attempts?task_id=11b39d8b-b644-4e41-ac36-b88aceaf3e52, timestamp: 2026-03-07T17:55:44.124Z} @ https://dashboard.powerclubglobal.com/assets/index-Ccq6DXzw.js:659
[ 4671864ms] [ERROR] WebSocket connection to 'wss://dashboard.powerclubglobal.com/api/tasks/stream/ws?project_id=00000000-0000-0000-0000-000000000001' failed: Error during WebSocket handshake: Unexpected response code: 502 @ https://dashboard.powerclubglobal.com/assets/project-tasks-CeeYSht9.js:189
[ 4679889ms] [ERROR] Failed to load resource: the server responded with a status of 502 () @ https://dashboard.powerclubglobal.com/api/task-attempts?task_id=11b39d8b-b644-4e41-ac36-b88aceaf3e52:0
[ 4679890ms] [ERROR] [API Error] {message: Request failed with status 502, status: 502, response: Response, endpoint: https://dashboard.powerclubglobal.com/api/task-attempts?task_id=11b39d8b-b644-4e41-ac36-b88aceaf3e52, timestamp: 2026-03-07T17:55:53.420Z} @ https://dashboard.powerclubglobal.com/assets/index-Ccq6DXzw.js:659
[ 4681118ms] [ERROR] WebSocket connection to 'wss://dashboard.powerclubglobal.com/api/tasks/stream/ws?project_id=00000000-0000-0000-0000-000000000001' failed: Error during WebSocket handshake: Unexpected response code: 502 @ https://dashboard.powerclubglobal.com/assets/project-tasks-CeeYSht9.js:189
[ 4681743ms] [ERROR] Failed to load resource: the server responded with a status of 502 () @ https://dashboard.powerclubglobal.com/api/task-attempts?task_id=11b39d8b-b644-4e41-ac36-b88aceaf3e52:0
[ 4681745ms] [ERROR] [API Error] {message: Request failed with status 502, status: 502, response: Response, endpoint: https://dashboard.powerclubglobal.com/api/task-attempts?task_id=11b39d8b-b644-4e41-ac36-b88aceaf3e52, timestamp: 2026-03-07T17:55:55.275Z} @ https://dashboard.powerclubglobal.com/assets/index-Ccq6DXzw.js:659
[ 4684100ms] [ERROR] Failed to load resource: the server responded with a status of 502 () @ https://dashboard.powerclubglobal.com/api/task-attempts?task_id=11b39d8b-b644-4e41-ac36-b88aceaf3e52:0
[ 4684101ms] [ERROR] [API Error] {message: Request failed with status 502, status: 502, response: Response, endpoint: https://dashboard.powerclubglobal.com/api/task-attempts?task_id=11b39d8b-b644-4e41-ac36-b88aceaf3e52, timestamp: 2026-03-07T17:55:57.632Z} @ https://dashboard.powerclubglobal.com/assets/index-Ccq6DXzw.js:659
[ 4688891ms] [ERROR] Failed to load resource: the server responded with a status of 502 () @ https://dashboard.powerclubglobal.com/api/task-attempts?task_id=11b39d8b-b644-4e41-ac36-b88aceaf3e52:0
[ 4688892ms] [ERROR] [API Error] {message: Request failed with status 502, status: 502, response: Response, endpoint: https://dashboard.powerclubglobal.com/api/task-attempts?task_id=11b39d8b-b644-4e41-ac36-b88aceaf3e52, timestamp: 2026-03-07T17:56:02.422Z} @ https://dashboard.powerclubglobal.com/assets/index-Ccq6DXzw.js:659
[ 4690096ms] [ERROR] WebSocket connection to 'wss://dashboard.powerclubglobal.com/api/tasks/stream/ws?project_id=00000000-0000-0000-0000-000000000001' failed: Error during WebSocket handshake: Unexpected response code: 502 @ https://dashboard.powerclubglobal.com/assets/project-tasks-CeeYSht9.js:189
[ 4695763ms] [ERROR] Failed to load resource: the server responded with a status of 502 () @ https://dashboard.powerclubglobal.com/api/task-attempts?task_id=11b39d8b-b644-4e41-ac36-b88aceaf3e52:0
[ 4695764ms] [ERROR] [API Error] {message: Request failed with status 502, status: 502, response: Response, endpoint: https://dashboard.powerclubglobal.com/api/task-attempts?task_id=11b39d8b-b644-4e41-ac36-b88aceaf3e52, timestamp: 2026-03-07T17:56:09.295Z} @ https://dashboard.powerclubglobal.com/assets/index-Ccq6DXzw.js:659
[ 4697088ms] [ERROR] Failed to load resource: the server responded with a status of 502 () @ https://dashboard.powerclubglobal.com/api/task-attempts?task_id=11b39d8b-b644-4e41-ac36-b88aceaf3e52:0
[ 4697092ms] [ERROR] [API Error] {message: Request failed with status 502, status: 502, response: Response, endpoint: https://dashboard.powerclubglobal.com/api/task-attempts?task_id=11b39d8b-b644-4e41-ac36-b88aceaf3e52, timestamp: 2026-03-07T17:56:10.622Z} @ https://dashboard.powerclubglobal.com/assets/index-Ccq6DXzw.js:659
[ 4699185ms] [ERROR] WebSocket connection to 'wss://dashboard.powerclubglobal.com/api/tasks/stream/ws?project_id=00000000-0000-0000-0000-000000000001' failed: Error during WebSocket handshake: Unexpected response code: 502 @ https://dashboard.powerclubglobal.com/assets/project-tasks-CeeYSht9.js:189
[ 4699426ms] [ERROR] Failed to load resource: the server responded with a status of 502 () @ https://dashboard.powerclubglobal.com/api/task-attempts?task_id=11b39d8b-b644-4e41-ac36-b88aceaf3e52:0
[ 4699427ms] [ERROR] [API Error] {message: Request failed with status 502, status: 502, response: Response, endpoint: https://dashboard.powerclubglobal.com/api/task-attempts?task_id=11b39d8b-b644-4e41-ac36-b88aceaf3e52, timestamp: 2026-03-07T17:56:12.957Z} @ https://dashboard.powerclubglobal.com/assets/index-Ccq6DXzw.js:659
[ 4703774ms] [ERROR] Failed to load resource: the server responded with a status of 502 () @ https://dashboard.powerclubglobal.com/api/task-attempts?task_id=11b39d8b-b644-4e41-ac36-b88aceaf3e52:0
[ 4703776ms] [ERROR] [API Error] {message: Request failed with status 502, status: 502, response: Response, endpoint: https://dashboard.powerclubglobal.com/api/task-attempts?task_id=11b39d8b-b644-4e41-ac36-b88aceaf3e52, timestamp: 2026-03-07T17:56:17.306Z} @ https://dashboard.powerclubglobal.com/assets/index-Ccq6DXzw.js:659
[ 4708209ms] [ERROR] WebSocket connection to 'wss://dashboard.powerclubglobal.com/api/tasks/stream/ws?project_id=00000000-0000-0000-0000-000000000001' failed: Error during WebSocket handshake: Unexpected response code: 530 @ https://dashboard.powerclubglobal.com/assets/project-tasks-CeeYSht9.js:189
[ 4708870ms] [ERROR] Failed to load resource: the server responded with a status of 530 () @ https://dashboard.powerclubglobal.com/api/task-attempts?task_id=11b39d8b-b644-4e41-ac36-b88aceaf3e52:0
[ 4708873ms] [ERROR] [API Error] {message: Request failed with status 530, status: 530, response: Response, endpoint: https://dashboard.powerclubglobal.com/api/task-attempts?task_id=11b39d8b-b644-4e41-ac36-b88aceaf3e52, timestamp: 2026-03-07T17:56:22.403Z} @ https://dashboard.powerclubglobal.com/assets/index-Ccq6DXzw.js:659
[ 4709974ms] [ERROR] Failed to load resource: the server responded with a status of 530 () @ https://dashboard.powerclubglobal.com/api/task-attempts?task_id=11b39d8b-b644-4e41-ac36-b88aceaf3e52:0
[ 4709975ms] [ERROR] [API Error] {message: Request failed with status 530, status: 530, response: Response, endpoint: https://dashboard.powerclubglobal.com/api/task-attempts?task_id=11b39d8b-b644-4e41-ac36-b88aceaf3e52, timestamp: 2026-03-07T17:56:23.505Z} @ https://dashboard.powerclubglobal.com/assets/index-Ccq6DXzw.js:659
[ 4712061ms] [ERROR] Failed to load resource: the server responded with a status of 530 () @ https://dashboard.powerclubglobal.com/api/task-attempts?task_id=11b39d8b-b644-4e41-ac36-b88aceaf3e52:0
[ 4712062ms] [ERROR] [API Error] {message: Request failed with status 530, status: 530, response: Response, endpoint: https://dashboard.powerclubglobal.com/api/task-attempts?task_id=11b39d8b-b644-4e41-ac36-b88aceaf3e52, timestamp: 2026-03-07T17:56:25.592Z} @ https://dashboard.powerclubglobal.com/assets/index-Ccq6DXzw.js:659
[ 4716152ms] [ERROR] Failed to load resource: the server responded with a status of 530 () @ https://dashboard.powerclubglobal.com/api/task-attempts?task_id=11b39d8b-b644-4e41-ac36-b88aceaf3e52:0
[ 4716153ms] [ERROR] [API Error] {message: Request failed with status 530, status: 530, response: Response, endpoint: https://dashboard.powerclubglobal.com/api/task-attempts?task_id=11b39d8b-b644-4e41-ac36-b88aceaf3e52, timestamp: 2026-03-07T17:56:29.683Z} @ https://dashboard.powerclubglobal.com/assets/index-Ccq6DXzw.js:659
[ 4717730ms] [ERROR] WebSocket connection to 'wss://dashboard.powerclubglobal.com/api/tasks/stream/ws?project_id=00000000-0000-0000-0000-000000000001' failed: Error during WebSocket handshake: Unexpected response code: 530 @ https://dashboard.powerclubglobal.com/assets/project-tasks-CeeYSht9.js:189
[ 4721244ms] [ERROR] Failed to load resource: the server responded with a status of 530 () @ https://dashboard.powerclubglobal.com/api/task-attempts?task_id=11b39d8b-b644-4e41-ac36-b88aceaf3e52:0
[ 4721245ms] [ERROR] [API Error] {message: Request failed with status 530, status: 530, response: Response, endpoint: https://dashboard.powerclubglobal.com/api/task-attempts?task_id=11b39d8b-b644-4e41-ac36-b88aceaf3e52, timestamp: 2026-03-07T17:56:34.776Z} @ https://dashboard.powerclubglobal.com/assets/index-Ccq6DXzw.js:659
[ 4722341ms] [ERROR] Failed to load resource: the server responded with a status of 530 () @ https://dashboard.powerclubglobal.com/api/task-attempts?task_id=11b39d8b-b644-4e41-ac36-b88aceaf3e52:0
[ 4722341ms] [ERROR] [API Error] {message: Request failed with status 530, status: 530, response: Response, endpoint: https://dashboard.powerclubglobal.com/api/task-attempts?task_id=11b39d8b-b644-4e41-ac36-b88aceaf3e52, timestamp: 2026-03-07T17:56:35.871Z} @ https://dashboard.powerclubglobal.com/assets/index-Ccq6DXzw.js:659
[ 4725126ms] [ERROR] Failed to load resource: the server responded with a status of 502 () @ https://dashboard.powerclubglobal.com/api/task-attempts?task_id=11b39d8b-b644-4e41-ac36-b88aceaf3e52:0
[ 4725127ms] [ERROR] [API Error] {message: Request failed with status 502, status: 502, response: Response, endpoint: https://dashboard.powerclubglobal.com/api/task-attempts?task_id=11b39d8b-b644-4e41-ac36-b88aceaf3e52, timestamp: 2026-03-07T17:56:38.657Z} @ https://dashboard.powerclubglobal.com/assets/index-Ccq6DXzw.js:659
[ 4726781ms] [ERROR] WebSocket connection to 'wss://dashboard.powerclubglobal.com/api/tasks/stream/ws?project_id=00000000-0000-0000-0000-000000000001' failed: Error during WebSocket handshake: Unexpected response code: 502 @ https://dashboard.powerclubglobal.com/assets/project-tasks-CeeYSht9.js:189
[ 4729789ms] [ERROR] Failed to load resource: the server responded with a status of 502 () @ https://dashboard.powerclubglobal.com/api/task-attempts?task_id=11b39d8b-b644-4e41-ac36-b88aceaf3e52:0
[ 4729790ms] [ERROR] [API Error] {message: Request failed with status 502, status: 502, response: Response, endpoint: https://dashboard.powerclubglobal.com/api/task-attempts?task_id=11b39d8b-b644-4e41-ac36-b88aceaf3e52, timestamp: 2026-03-07T17:56:43.320Z} @ https://dashboard.powerclubglobal.com/assets/index-Ccq6DXzw.js:659
[ 4735183ms] [ERROR] Failed to load resource: the server responded with a status of 502 () @ https://dashboard.powerclubglobal.com/api/task-attempts?task_id=11b39d8b-b644-4e41-ac36-b88aceaf3e52:0
[ 4735184ms] [ERROR] [API Error] {message: Request failed with status 502, status: 502, response: Response, endpoint: https://dashboard.powerclubglobal.com/api/task-attempts?task_id=11b39d8b-b644-4e41-ac36-b88aceaf3e52, timestamp: 2026-03-07T17:56:48.714Z} @ https://dashboard.powerclubglobal.com/assets/index-Ccq6DXzw.js:659
[ 4736055ms] [ERROR] WebSocket connection to 'wss://dashboard.powerclubglobal.com/api/tasks/stream/ws?project_id=00000000-0000-0000-0000-000000000001' failed: Error during WebSocket handshake: Unexpected response code: 502 @ https://dashboard.powerclubglobal.com/assets/project-tasks-CeeYSht9.js:189
[ 4736521ms] [ERROR] Failed to load resource: the server responded with a status of 502 () @ https://dashboard.powerclubglobal.com/api/task-attempts?task_id=11b39d8b-b644-4e41-ac36-b88aceaf3e52:0
[ 4736524ms] [ERROR] [API Error] {message: Request failed with status 502, status: 502, response: Response, endpoint: https://dashboard.powerclubglobal.com/api/task-attempts?task_id=11b39d8b-b644-4e41-ac36-b88aceaf3e52, timestamp: 2026-03-07T17:56:50.054Z} @ https://dashboard.powerclubglobal.com/assets/index-Ccq6DXzw.js:659
[ 4738885ms] [ERROR] Failed to load resource: the server responded with a status of 502 () @ https://dashboard.powerclubglobal.com/api/task-attempts?task_id=11b39d8b-b644-4e41-ac36-b88aceaf3e52:0
[ 4738886ms] [ERROR] [API Error] {message: Request failed with status 502, status: 502, response: Response, endpoint: https://dashboard.powerclubglobal.com/api/task-attempts?task_id=11b39d8b-b644-4e41-ac36-b88aceaf3e52, timestamp: 2026-03-07T17:56:52.416Z} @ https://dashboard.powerclubglobal.com/assets/index-Ccq6DXzw.js:659
[ 4743510ms] [ERROR] Failed to load resource: the server responded with a status of 502 () @ https://dashboard.powerclubglobal.com/api/task-attempts?task_id=11b39d8b-b644-4e41-ac36-b88aceaf3e52:0
[ 4743511ms] [ERROR] [API Error] {message: Request failed with status 502, status: 502, response: Response, endpoint: https://dashboard.powerclubglobal.com/api/task-attempts?task_id=11b39d8b-b644-4e41-ac36-b88aceaf3e52, timestamp: 2026-03-07T17:56:57.041Z} @ https://dashboard.powerclubglobal.com/assets/index-Ccq6DXzw.js:659
[ 4745209ms] [ERROR] WebSocket connection to 'wss://dashboard.powerclubglobal.com/api/tasks/stream/ws?project_id=00000000-0000-0000-0000-000000000001' failed: Error during WebSocket handshake: Unexpected response code: 502 @ https://dashboard.powerclubglobal.com/assets/project-tasks-CeeYSht9.js:189
[ 4749786ms] [ERROR] Failed to load resource: the server responded with a status of 502 () @ https://dashboard.powerclubglobal.com/api/task-attempts?task_id=11b39d8b-b644-4e41-ac36-b88aceaf3e52:0
[ 4749787ms] [ERROR] [API Error] {message: Request failed with status 502, status: 502, response: Response, endpoint: https://dashboard.powerclubglobal.com/api/task-attempts?task_id=11b39d8b-b644-4e41-ac36-b88aceaf3e52, timestamp: 2026-03-07T17:57:03.317Z} @ https://dashboard.powerclubglobal.com/assets/index-Ccq6DXzw.js:659
[ 4751173ms] [ERROR] Failed to load resource: the server responded with a status of 502 () @ https://dashboard.powerclubglobal.com/api/task-attempts?task_id=11b39d8b-b644-4e41-ac36-b88aceaf3e52:0
[ 4751174ms] [ERROR] [API Error] {message: Request failed with status 502, status: 502, response: Response, endpoint: https://dashboard.powerclubglobal.com/api/task-attempts?task_id=11b39d8b-b644-4e41-ac36-b88aceaf3e52, timestamp: 2026-03-07T17:57:04.704Z} @ https://dashboard.powerclubglobal.com/assets/index-Ccq6DXzw.js:659
[ 4753535ms] [ERROR] Failed to load resource: the server responded with a status of 502 () @ https://dashboard.powerclubglobal.com/api/task-attempts?task_id=11b39d8b-b644-4e41-ac36-b88aceaf3e52:0
[ 4753536ms] [ERROR] [API Error] {message: Request failed with status 502, status: 502, response: Response, endpoint: https://dashboard.powerclubglobal.com/api/task-attempts?task_id=11b39d8b-b644-4e41-ac36-b88aceaf3e52, timestamp: 2026-03-07T17:57:07.067Z} @ https://dashboard.powerclubglobal.com/assets/index-Ccq6DXzw.js:659
[ 4754211ms] [ERROR] WebSocket connection to 'wss://dashboard.powerclubglobal.com/api/tasks/stream/ws?project_id=00000000-0000-0000-0000-000000000001' failed: Error during WebSocket handshake: Unexpected response code: 502 @ https://dashboard.powerclubglobal.com/assets/project-tasks-CeeYSht9.js:189
[ 4757935ms] [ERROR] Failed to load resource: the server responded with a status of 502 () @ https://dashboard.powerclubglobal.com/api/task-attempts?task_id=11b39d8b-b644-4e41-ac36-b88aceaf3e52:0
[ 4757936ms] [ERROR] [API Error] {message: Request failed with status 502, status: 502, response: Response, endpoint: https://dashboard.powerclubglobal.com/api/task-attempts?task_id=11b39d8b-b644-4e41-ac36-b88aceaf3e52, timestamp: 2026-03-07T17:57:11.466Z} @ https://dashboard.powerclubglobal.com/assets/index-Ccq6DXzw.js:659
[ 4763312ms] [ERROR] WebSocket connection to 'wss://dashboard.powerclubglobal.com/api/tasks/stream/ws?project_id=00000000-0000-0000-0000-000000000001' failed: Error during WebSocket handshake: Unexpected response code: 502 @ https://dashboard.powerclubglobal.com/assets/project-tasks-CeeYSht9.js:189
[ 4763330ms] [ERROR] Failed to load resource: the server responded with a status of 502 () @ https://dashboard.powerclubglobal.com/api/task-attempts?task_id=11b39d8b-b644-4e41-ac36-b88aceaf3e52:0
[ 4763331ms] [ERROR] [API Error] {message: Request failed with status 502, status: 502, response: Response, endpoint: https://dashboard.powerclubglobal.com/api/task-attempts?task_id=11b39d8b-b644-4e41-ac36-b88aceaf3e52, timestamp: 2026-03-07T17:57:16.862Z} @ https://dashboard.powerclubglobal.com/assets/index-Ccq6DXzw.js:659
[ 4766079ms] [ERROR] Failed to load resource: the server responded with a status of 502 () @ https://dashboard.powerclubglobal.com/api/task-attempts?task_id=11b39d8b-b644-4e41-ac36-b88aceaf3e52:0
[ 4766080ms] [ERROR] [API Error] {message: Request failed with status 502, status: 502, response: Response, endpoint: https://dashboard.powerclubglobal.com/api/task-attempts?task_id=11b39d8b-b644-4e41-ac36-b88aceaf3e52, timestamp: 2026-03-07T17:57:19.610Z} @ https://dashboard.powerclubglobal.com/assets/index-Ccq6DXzw.js:659
[ 4768478ms] [ERROR] Failed to load resource: the server responded with a status of 502 () @ https://dashboard.powerclubglobal.com/api/task-attempts?task_id=11b39d8b-b644-4e41-ac36-b88aceaf3e52:0
[ 4768479ms] [ERROR] [API Error] {message: Request failed with status 502, status: 502, response: Response, endpoint: https://dashboard.powerclubglobal.com/api/task-attempts?task_id=11b39d8b-b644-4e41-ac36-b88aceaf3e52, timestamp: 2026-03-07T17:57:22.009Z} @ https://dashboard.powerclubglobal.com/assets/index-Ccq6DXzw.js:659
[ 4772366ms] [ERROR] WebSocket connection to 'wss://dashboard.powerclubglobal.com/api/tasks/stream/ws?project_id=00000000-0000-0000-0000-000000000001' failed: Error during WebSocket handshake: Unexpected response code: 502 @ https://dashboard.powerclubglobal.com/assets/project-tasks-CeeYSht9.js:189
[ 4772834ms] [ERROR] Failed to load resource: the server responded with a status of 502 () @ https://dashboard.powerclubglobal.com/api/task-attempts?task_id=11b39d8b-b644-4e41-ac36-b88aceaf3e52:0
[ 4772835ms] [ERROR] [API Error] {message: Request failed with status 502, status: 502, response: Response, endpoint: https://dashboard.powerclubglobal.com/api/task-attempts?task_id=11b39d8b-b644-4e41-ac36-b88aceaf3e52, timestamp: 2026-03-07T17:57:26.366Z} @ https://dashboard.powerclubglobal.com/assets/index-Ccq6DXzw.js:659
[ 4779801ms] [ERROR] Failed to load resource: the server responded with a status of 502 () @ https://dashboard.powerclubglobal.com/api/task-attempts?task_id=11b39d8b-b644-4e41-ac36-b88aceaf3e52:0
[ 4779803ms] [ERROR] [API Error] {message: Request failed with status 502, status: 502, response: Response, endpoint: https://dashboard.powerclubglobal.com/api/task-attempts?task_id=11b39d8b-b644-4e41-ac36-b88aceaf3e52, timestamp: 2026-03-07T17:57:33.333Z} @ https://dashboard.powerclubglobal.com/assets/index-Ccq6DXzw.js:659
[ 4781385ms] [ERROR] Failed to load resource: the server responded with a status of 502 () @ https://dashboard.powerclubglobal.com/api/task-attempts?task_id=11b39d8b-b644-4e41-ac36-b88aceaf3e52:0
[ 4781385ms] [ERROR] WebSocket connection to 'wss://dashboard.powerclubglobal.com/api/tasks/stream/ws?project_id=00000000-0000-0000-0000-000000000001' failed: Error during WebSocket handshake: Unexpected response code: 502 @ https://dashboard.powerclubglobal.com/assets/project-tasks-CeeYSht9.js:189
[ 4781386ms] [ERROR] [API Error] {message: Request failed with status 502, status: 502, response: Response, endpoint: https://dashboard.powerclubglobal.com/api/task-attempts?task_id=11b39d8b-b644-4e41-ac36-b88aceaf3e52, timestamp: 2026-03-07T17:57:34.917Z} @ https://dashboard.powerclubglobal.com/assets/index-Ccq6DXzw.js:659
[ 4784780ms] [ERROR] Failed to load resource: the server responded with a status of 502 () @ https://dashboard.powerclubglobal.com/api/task-attempts?task_id=11b39d8b-b644-4e41-ac36-b88aceaf3e52:0
[ 4784781ms] [ERROR] [API Error] {message: Request failed with status 502, status: 502, response: Response, endpoint: https://dashboard.powerclubglobal.com/api/task-attempts?task_id=11b39d8b-b644-4e41-ac36-b88aceaf3e52, timestamp: 2026-03-07T17:57:38.311Z} @ https://dashboard.powerclubglobal.com/assets/index-Ccq6DXzw.js:659
[ 4789139ms] [ERROR] Failed to load resource: the server responded with a status of 502 () @ https://dashboard.powerclubglobal.com/api/task-attempts?task_id=11b39d8b-b644-4e41-ac36-b88aceaf3e52:0
[ 4789140ms] [ERROR] [API Error] {message: Request failed with status 502, status: 502, response: Response, endpoint: https://dashboard.powerclubglobal.com/api/task-attempts?task_id=11b39d8b-b644-4e41-ac36-b88aceaf3e52, timestamp: 2026-03-07T17:57:42.671Z} @ https://dashboard.powerclubglobal.com/assets/index-Ccq6DXzw.js:659
[ 4790202ms] [ERROR] WebSocket connection to 'wss://dashboard.powerclubglobal.com/api/tasks/stream/ws?project_id=00000000-0000-0000-0000-000000000001' failed: Error during WebSocket handshake: Unexpected response code: 502 @ https://dashboard.powerclubglobal.com/assets/project-tasks-CeeYSht9.js:189
[ 4794503ms] [ERROR] Failed to load resource: the server responded with a status of 502 () @ https://dashboard.powerclubglobal.com/api/task-attempts?task_id=11b39d8b-b644-4e41-ac36-b88aceaf3e52:0
[ 4794504ms] [ERROR] [API Error] {message: Request failed with status 502, status: 502, response: Response, endpoint: https://dashboard.powerclubglobal.com/api/task-attempts?task_id=11b39d8b-b644-4e41-ac36-b88aceaf3e52, timestamp: 2026-03-07T17:57:48.034Z} @ https://dashboard.powerclubglobal.com/assets/index-Ccq6DXzw.js:659
[ 4795986ms] [ERROR] Failed to load resource: the server responded with a status of 502 () @ https://dashboard.powerclubglobal.com/api/task-attempts?task_id=11b39d8b-b644-4e41-ac36-b88aceaf3e52:0
[ 4795987ms] [ERROR] [API Error] {message: Request failed with status 502, status: 502, response: Response, endpoint: https://dashboard.powerclubglobal.com/api/task-attempts?task_id=11b39d8b-b644-4e41-ac36-b88aceaf3e52, timestamp: 2026-03-07T17:57:49.517Z} @ https://dashboard.powerclubglobal.com/assets/index-Ccq6DXzw.js:659
[ 4798348ms] [ERROR] Failed to load resource: the server responded with a status of 502 () @ https://dashboard.powerclubglobal.com/api/task-attempts?task_id=11b39d8b-b644-4e41-ac36-b88aceaf3e52:0
[ 4798349ms] [ERROR] [API Error] {message: Request failed with status 502, status: 502, response: Response, endpoint: https://dashboard.powerclubglobal.com/api/task-attempts?task_id=11b39d8b-b644-4e41-ac36-b88aceaf3e52, timestamp: 2026-03-07T17:57:51.879Z} @ https://dashboard.powerclubglobal.com/assets/index-Ccq6DXzw.js:659
[ 4800961ms] [ERROR] WebSocket connection to 'wss://dashboard.powerclubglobal.com/api/tasks/stream/ws?project_id=00000000-0000-0000-0000-000000000001' failed: Error during WebSocket handshake: Unexpected response code: 502 @ https://dashboard.powerclubglobal.com/assets/project-tasks-CeeYSht9.js:189
[ 4805914ms] [ERROR] Failed to load resource: the server responded with a status of 502 () @ https://dashboard.powerclubglobal.com/api/task-attempts?task_id=11b39d8b-b644-4e41-ac36-b88aceaf3e52:0
[ 4805916ms] [ERROR] [API Error] {message: Request failed with status 502, status: 502, response: Response, endpoint: https://dashboard.powerclubglobal.com/api/task-attempts?task_id=11b39d8b-b644-4e41-ac36-b88aceaf3e52, timestamp: 2026-03-07T17:57:59.447Z} @ https://dashboard.powerclubglobal.com/assets/index-Ccq6DXzw.js:659
[ 4811339ms] [ERROR] Failed to load resource: the server responded with a status of 502 () @ https://dashboard.powerclubglobal.com/api/task-attempts?task_id=11b39d8b-b644-4e41-ac36-b88aceaf3e52:0
[ 4811343ms] [ERROR] [API Error] {message: Request failed with status 502, status: 502, response: Response, endpoint: https://dashboard.powerclubglobal.com/api/task-attempts?task_id=11b39d8b-b644-4e41-ac36-b88aceaf3e52, timestamp: 2026-03-07T17:58:04.873Z} @ https://dashboard.powerclubglobal.com/assets/index-Ccq6DXzw.js:659
[ 4812265ms] [ERROR] WebSocket connection to 'wss://dashboard.powerclubglobal.com/api/tasks/stream/ws?project_id=00000000-0000-0000-0000-000000000001' failed: Error during WebSocket handshake: Unexpected response code: 502 @ https://dashboard.powerclubglobal.com/assets/project-tasks-CeeYSht9.js:189
[ 4813070ms] [ERROR] Failed to load resource: the server responded with a status of 502 () @ https://dashboard.powerclubglobal.com/api/task-attempts?task_id=11b39d8b-b644-4e41-ac36-b88aceaf3e52:0
[ 4813071ms] [ERROR] [API Error] {message: Request failed with status 502, status: 502, response: Response, endpoint: https://dashboard.powerclubglobal.com/api/task-attempts?task_id=11b39d8b-b644-4e41-ac36-b88aceaf3e52, timestamp: 2026-03-07T17:58:06.601Z} @ https://dashboard.powerclubglobal.com/assets/index-Ccq6DXzw.js:659
[ 4815762ms] [ERROR] Failed to load resource: the server responded with a status of 502 () @ https://dashboard.powerclubglobal.com/api/task-attempts?task_id=11b39d8b-b644-4e41-ac36-b88aceaf3e52:0
[ 4815763ms] [ERROR] [API Error] {message: Request failed with status 502, status: 502, response: Response, endpoint: https://dashboard.powerclubglobal.com/api/task-attempts?task_id=11b39d8b-b644-4e41-ac36-b88aceaf3e52, timestamp: 2026-03-07T17:58:09.293Z} @ https://dashboard.powerclubglobal.com/assets/index-Ccq6DXzw.js:659
[ 4821296ms] [ERROR] Failed to load resource: the server responded with a status of 502 () @ https://dashboard.powerclubglobal.com/api/task-attempts?task_id=11b39d8b-b644-4e41-ac36-b88aceaf3e52:0
[ 4821296ms] [ERROR] [API Error] {message: Request failed with status 502, status: 502, response: Response, endpoint: https://dashboard.powerclubglobal.com/api/task-attempts?task_id=11b39d8b-b644-4e41-ac36-b88aceaf3e52, timestamp: 2026-03-07T17:58:14.827Z} @ https://dashboard.powerclubglobal.com/assets/index-Ccq6DXzw.js:659
[ 4822683ms] [ERROR] WebSocket connection to 'wss://dashboard.powerclubglobal.com/api/tasks/stream/ws?project_id=00000000-0000-0000-0000-000000000001' failed: Error during WebSocket handshake: Unexpected response code: 502 @ https://dashboard.powerclubglobal.com/assets/project-tasks-CeeYSht9.js:189
[ 4826650ms] [ERROR] Failed to load resource: the server responded with a status of 502 () @ https://dashboard.powerclubglobal.com/api/task-attempts?task_id=11b39d8b-b644-4e41-ac36-b88aceaf3e52:0
[ 4826651ms] [ERROR] [API Error] {message: Request failed with status 502, status: 502, response: Response, endpoint: https://dashboard.powerclubglobal.com/api/task-attempts?task_id=11b39d8b-b644-4e41-ac36-b88aceaf3e52, timestamp: 2026-03-07T17:58:20.181Z} @ https://dashboard.powerclubglobal.com/assets/index-Ccq6DXzw.js:659
[ 4828070ms] [ERROR] Failed to load resource: the server responded with a status of 502 () @ https://dashboard.powerclubglobal.com/api/task-attempts?task_id=11b39d8b-b644-4e41-ac36-b88aceaf3e52:0
[ 4828071ms] [ERROR] [API Error] {message: Request failed with status 502, status: 502, response: Response, endpoint: https://dashboard.powerclubglobal.com/api/task-attempts?task_id=11b39d8b-b644-4e41-ac36-b88aceaf3e52, timestamp: 2026-03-07T17:58:21.601Z} @ https://dashboard.powerclubglobal.com/assets/index-Ccq6DXzw.js:659
[ 4830423ms] [ERROR] Failed to load resource: the server responded with a status of 502 () @ https://dashboard.powerclubglobal.com/api/task-attempts?task_id=11b39d8b-b644-4e41-ac36-b88aceaf3e52:0
[ 4830426ms] [ERROR] [API Error] {message: Request failed with status 502, status: 502, response: Response, endpoint: https://dashboard.powerclubglobal.com/api/task-attempts?task_id=11b39d8b-b644-4e41-ac36-b88aceaf3e52, timestamp: 2026-03-07T17:58:23.957Z} @ https://dashboard.powerclubglobal.com/assets/index-Ccq6DXzw.js:659
[ 4835086ms] [ERROR] Failed to load resource: the server responded with a status of 502 () @ https://dashboard.powerclubglobal.com/api/task-attempts?task_id=11b39d8b-b644-4e41-ac36-b88aceaf3e52:0
[ 4835087ms] [ERROR] [API Error] {message: Request failed with status 502, status: 502, response: Response, endpoint: https://dashboard.powerclubglobal.com/api/task-attempts?task_id=11b39d8b-b644-4e41-ac36-b88aceaf3e52, timestamp: 2026-03-07T17:58:28.617Z} @ https://dashboard.powerclubglobal.com/assets/index-Ccq6DXzw.js:659
[ 4836470ms] [ERROR] WebSocket connection to 'wss://dashboard.powerclubglobal.com/api/tasks/stream/ws?project_id=00000000-0000-0000-0000-000000000001' failed: Error during WebSocket handshake: Unexpected response code: 502 @ https://dashboard.powerclubglobal.com/assets/project-tasks-CeeYSht9.js:189
[ 4840469ms] [ERROR] Failed to load resource: the server responded with a status of 502 () @ https://dashboard.powerclubglobal.com/api/task-attempts?task_id=11b39d8b-b644-4e41-ac36-b88aceaf3e52:0
[ 4840469ms] [ERROR] [API Error] {message: Request failed with status 502, status: 502, response: Response, endpoint: https://dashboard.powerclubglobal.com/api/task-attempts?task_id=11b39d8b-b644-4e41-ac36-b88aceaf3e52, timestamp: 2026-03-07T17:58:34.000Z} @ https://dashboard.powerclubglobal.com/assets/index-Ccq6DXzw.js:659
[ 4843989ms] [ERROR] Failed to load resource: the server responded with a status of 502 () @ https://dashboard.powerclubglobal.com/api/task-attempts?task_id=11b39d8b-b644-4e41-ac36-b88aceaf3e52:0
[ 4843990ms] [ERROR] [API Error] {message: Request failed with status 502, status: 502, response: Response, endpoint: https://dashboard.powerclubglobal.com/api/task-attempts?task_id=11b39d8b-b644-4e41-ac36-b88aceaf3e52, timestamp: 2026-03-07T17:58:37.521Z} @ https://dashboard.powerclubglobal.com/assets/index-Ccq6DXzw.js:659
[ 4846545ms] [ERROR] Failed to load resource: the server responded with a status of 502 () @ https://dashboard.powerclubglobal.com/api/task-attempts?task_id=11b39d8b-b644-4e41-ac36-b88aceaf3e52:0
[ 4846546ms] [ERROR] [API Error] {message: Request failed with status 502, status: 502, response: Response, endpoint: https://dashboard.powerclubglobal.com/api/task-attempts?task_id=11b39d8b-b644-4e41-ac36-b88aceaf3e52, timestamp: 2026-03-07T17:58:40.076Z} @ https://dashboard.powerclubglobal.com/assets/index-Ccq6DXzw.js:659
[ 4847494ms] [ERROR] WebSocket connection to 'wss://dashboard.powerclubglobal.com/api/tasks/stream/ws?project_id=00000000-0000-0000-0000-000000000001' failed: Error during WebSocket handshake: Unexpected response code: 502 @ https://dashboard.powerclubglobal.com/assets/project-tasks-CeeYSht9.js:189
[ 4851009ms] [ERROR] Failed to load resource: the server responded with a status of 502 () @ https://dashboard.powerclubglobal.com/api/task-attempts?task_id=11b39d8b-b644-4e41-ac36-b88aceaf3e52:0
[ 4851010ms] [ERROR] [API Error] {message: Request failed with status 502, status: 502, response: Response, endpoint: https://dashboard.powerclubglobal.com/api/task-attempts?task_id=11b39d8b-b644-4e41-ac36-b88aceaf3e52, timestamp: 2026-03-07T17:58:44.540Z} @ https://dashboard.powerclubglobal.com/assets/index-Ccq6DXzw.js:659
[ 4856369ms] [ERROR] Failed to load resource: the server responded with a status of 502 () @ https://dashboard.powerclubglobal.com/api/task-attempts?task_id=11b39d8b-b644-4e41-ac36-b88aceaf3e52:0
[ 4856370ms] [ERROR] [API Error] {message: Request failed with status 502, status: 502, response: Response, endpoint: https://dashboard.powerclubglobal.com/api/task-attempts?task_id=11b39d8b-b644-4e41-ac36-b88aceaf3e52, timestamp: 2026-03-07T17:58:49.900Z} @ https://dashboard.powerclubglobal.com/assets/index-Ccq6DXzw.js:659
[ 4858784ms] [ERROR] Failed to load resource: the server responded with a status of 502 () @ https://dashboard.powerclubglobal.com/api/task-attempts?task_id=11b39d8b-b644-4e41-ac36-b88aceaf3e52:0
[ 4858785ms] [ERROR] [API Error] {message: Request failed with status 502, status: 502, response: Response, endpoint: https://dashboard.powerclubglobal.com/api/task-attempts?task_id=11b39d8b-b644-4e41-ac36-b88aceaf3e52, timestamp: 2026-03-07T17:58:52.316Z} @ https://dashboard.powerclubglobal.com/assets/index-Ccq6DXzw.js:659
[ 4860391ms] [ERROR] WebSocket connection to 'wss://dashboard.powerclubglobal.com/api/tasks/stream/ws?project_id=00000000-0000-0000-0000-000000000001' failed: Error during WebSocket handshake: Unexpected response code: 502 @ https://dashboard.powerclubglobal.com/assets/project-tasks-CeeYSht9.js:189
[ 4861141ms] [ERROR] Failed to load resource: the server responded with a status of 502 () @ https://dashboard.powerclubglobal.com/api/task-attempts?task_id=11b39d8b-b644-4e41-ac36-b88aceaf3e52:0
[ 4861142ms] [ERROR] [API Error] {message: Request failed with status 502, status: 502, response: Response, endpoint: https://dashboard.powerclubglobal.com/api/task-attempts?task_id=11b39d8b-b644-4e41-ac36-b88aceaf3e52, timestamp: 2026-03-07T17:58:54.673Z} @ https://dashboard.powerclubglobal.com/assets/index-Ccq6DXzw.js:659
[ 4867786ms] [ERROR] Failed to load resource: the server responded with a status of 502 () @ https://dashboard.powerclubglobal.com/api/task-attempts?task_id=11b39d8b-b644-4e41-ac36-b88aceaf3e52:0
[ 4867787ms] [ERROR] [API Error] {message: Request failed with status 502, status: 502, response: Response, endpoint: https://dashboard.powerclubglobal.com/api/task-attempts?task_id=11b39d8b-b644-4e41-ac36-b88aceaf3e52, timestamp: 2026-03-07T17:59:01.317Z} @ https://dashboard.powerclubglobal.com/assets/index-Ccq6DXzw.js:659
[ 4873200ms] [ERROR] WebSocket connection to 'wss://dashboard.powerclubglobal.com/api/tasks/stream/ws?project_id=00000000-0000-0000-0000-000000000001' failed: Error during WebSocket handshake: Unexpected response code: 502 @ https://dashboard.powerclubglobal.com/assets/project-tasks-CeeYSht9.js:189
[ 4873225ms] [ERROR] Failed to load resource: the server responded with a status of 502 () @ https://dashboard.powerclubglobal.com/api/task-attempts?task_id=11b39d8b-b644-4e41-ac36-b88aceaf3e52:0
[ 4873225ms] [ERROR] [API Error] {message: Request failed with status 502, status: 502, response: Response, endpoint: https://dashboard.powerclubglobal.com/api/task-attempts?task_id=11b39d8b-b644-4e41-ac36-b88aceaf3e52, timestamp: 2026-03-07T17:59:06.756Z} @ https://dashboard.powerclubglobal.com/assets/index-Ccq6DXzw.js:659
[ 4874647ms] [ERROR] Failed to load resource: the server responded with a status of 502 () @ https://dashboard.powerclubglobal.com/api/task-attempts?task_id=11b39d8b-b644-4e41-ac36-b88aceaf3e52:0
[ 4874648ms] [ERROR] [API Error] {message: Request failed with status 502, status: 502, response: Response, endpoint: https://dashboard.powerclubglobal.com/api/task-attempts?task_id=11b39d8b-b644-4e41-ac36-b88aceaf3e52, timestamp: 2026-03-07T17:59:08.178Z} @ https://dashboard.powerclubglobal.com/assets/index-Ccq6DXzw.js:659
[ 4877010ms] [ERROR] Failed to load resource: the server responded with a status of 502 () @ https://dashboard.powerclubglobal.com/api/task-attempts?task_id=11b39d8b-b644-4e41-ac36-b88aceaf3e52:0
[ 4877011ms] [ERROR] [API Error] {message: Request failed with status 502, status: 502, response: Response, endpoint: https://dashboard.powerclubglobal.com/api/task-attempts?task_id=11b39d8b-b644-4e41-ac36-b88aceaf3e52, timestamp: 2026-03-07T17:59:10.541Z} @ https://dashboard.powerclubglobal.com/assets/index-Ccq6DXzw.js:659
[ 4881361ms] [ERROR] Failed to load resource: the server responded with a status of 502 () @ https://dashboard.powerclubglobal.com/api/task-attempts?task_id=11b39d8b-b644-4e41-ac36-b88aceaf3e52:0
[ 4881362ms] [ERROR] [API Error] {message: Request failed with status 502, status: 502, response: Response, endpoint: https://dashboard.powerclubglobal.com/api/task-attempts?task_id=11b39d8b-b644-4e41-ac36-b88aceaf3e52, timestamp: 2026-03-07T17:59:14.893Z} @ https://dashboard.powerclubglobal.com/assets/index-Ccq6DXzw.js:659
[ 4886704ms] [ERROR] WebSocket connection to 'wss://dashboard.powerclubglobal.com/api/tasks/stream/ws?project_id=00000000-0000-0000-0000-000000000001' failed: Error during WebSocket handshake: Unexpected response code: 502 @ https://dashboard.powerclubglobal.com/assets/project-tasks-CeeYSht9.js:189
[ 4886724ms] [ERROR] Failed to load resource: the server responded with a status of 502 () @ https://dashboard.powerclubglobal.com/api/task-attempts?task_id=11b39d8b-b644-4e41-ac36-b88aceaf3e52:0
[ 4886726ms] [ERROR] [API Error] {message: Request failed with status 502, status: 502, response: Response, endpoint: https://dashboard.powerclubglobal.com/api/task-attempts?task_id=11b39d8b-b644-4e41-ac36-b88aceaf3e52, timestamp: 2026-03-07T17:59:20.256Z} @ https://dashboard.powerclubglobal.com/assets/index-Ccq6DXzw.js:659
[ 4888130ms] [ERROR] Failed to load resource: the server responded with a status of 502 () @ https://dashboard.powerclubglobal.com/api/task-attempts?task_id=11b39d8b-b644-4e41-ac36-b88aceaf3e52:0
[ 4888130ms] [ERROR] [API Error] {message: Request failed with status 502, status: 502, response: Response, endpoint: https://dashboard.powerclubglobal.com/api/task-attempts?task_id=11b39d8b-b644-4e41-ac36-b88aceaf3e52, timestamp: 2026-03-07T17:59:21.661Z} @ https://dashboard.powerclubglobal.com/assets/index-Ccq6DXzw.js:659
[ 4891117ms] [ERROR] Failed to load resource: the server responded with a status of 502 () @ https://dashboard.powerclubglobal.com/api/task-attempts?task_id=11b39d8b-b644-4e41-ac36-b88aceaf3e52:0
[ 4891118ms] [ERROR] [API Error] {message: Request failed with status 502, status: 502, response: Response, endpoint: https://dashboard.powerclubglobal.com/api/task-attempts?task_id=11b39d8b-b644-4e41-ac36-b88aceaf3e52, timestamp: 2026-03-07T17:59:24.648Z} @ https://dashboard.powerclubglobal.com/assets/index-Ccq6DXzw.js:659
[ 4895468ms] [ERROR] Failed to load resource: the server responded with a status of 502 () @ https://dashboard.powerclubglobal.com/api/task-attempts?task_id=11b39d8b-b644-4e41-ac36-b88aceaf3e52:0
[ 4895469ms] [ERROR] [API Error] {message: Request failed with status 502, status: 502, response: Response, endpoint: https://dashboard.powerclubglobal.com/api/task-attempts?task_id=11b39d8b-b644-4e41-ac36-b88aceaf3e52, timestamp: 2026-03-07T17:59:28.999Z} @ https://dashboard.powerclubglobal.com/assets/index-Ccq6DXzw.js:659
[ 4899217ms] [ERROR] WebSocket connection to 'wss://dashboard.powerclubglobal.com/api/tasks/stream/ws?project_id=00000000-0000-0000-0000-000000000001' failed: Error during WebSocket handshake: Unexpected response code: 502 @ https://dashboard.powerclubglobal.com/assets/project-tasks-CeeYSht9.js:189
[ 4902916ms] [ERROR] Failed to load resource: the server responded with a status of 502 () @ https://dashboard.powerclubglobal.com/api/task-attempts?task_id=11b39d8b-b644-4e41-ac36-b88aceaf3e52:0
[ 4902917ms] [ERROR] [API Error] {message: Request failed with status 502, status: 502, response: Response, endpoint: https://dashboard.powerclubglobal.com/api/task-attempts?task_id=11b39d8b-b644-4e41-ac36-b88aceaf3e52, timestamp: 2026-03-07T17:59:36.448Z} @ https://dashboard.powerclubglobal.com/assets/index-Ccq6DXzw.js:659
[ 4904350ms] [ERROR] Failed to load resource: the server responded with a status of 502 () @ https://dashboard.powerclubglobal.com/api/task-attempts?task_id=11b39d8b-b644-4e41-ac36-b88aceaf3e52:0
[ 4904350ms] [ERROR] [API Error] {message: Request failed with status 502, status: 502, response: Response, endpoint: https://dashboard.powerclubglobal.com/api/task-attempts?task_id=11b39d8b-b644-4e41-ac36-b88aceaf3e52, timestamp: 2026-03-07T17:59:37.881Z} @ https://dashboard.powerclubglobal.com/assets/index-Ccq6DXzw.js:659
[ 4906853ms] [ERROR] Failed to load resource: the server responded with a status of 502 () @ https://dashboard.powerclubglobal.com/api/task-attempts?task_id=11b39d8b-b644-4e41-ac36-b88aceaf3e52:0
[ 4906854ms] [ERROR] [API Error] {message: Request failed with status 502, status: 502, response: Response, endpoint: https://dashboard.powerclubglobal.com/api/task-attempts?task_id=11b39d8b-b644-4e41-ac36-b88aceaf3e52, timestamp: 2026-03-07T17:59:40.385Z} @ https://dashboard.powerclubglobal.com/assets/index-Ccq6DXzw.js:659
[ 4910392ms] [ERROR] WebSocket connection to 'wss://dashboard.powerclubglobal.com/api/tasks/stream/ws?project_id=00000000-0000-0000-0000-000000000001' failed: Error during WebSocket handshake: Unexpected response code: 502 @ https://dashboard.powerclubglobal.com/assets/project-tasks-CeeYSht9.js:189
[ 4914727ms] [ERROR] Failed to load resource: the server responded with a status of 502 () @ https://dashboard.powerclubglobal.com/api/task-attempts?task_id=11b39d8b-b644-4e41-ac36-b88aceaf3e52:0
[ 4914728ms] [ERROR] [API Error] {message: Request failed with status 502, status: 502, response: Response, endpoint: https://dashboard.powerclubglobal.com/api/task-attempts?task_id=11b39d8b-b644-4e41-ac36-b88aceaf3e52, timestamp: 2026-03-07T17:59:48.259Z} @ https://dashboard.powerclubglobal.com/assets/index-Ccq6DXzw.js:659
[ 4920100ms] [ERROR] Failed to load resource: the server responded with a status of 502 () @ https://dashboard.powerclubglobal.com/api/task-attempts?task_id=11b39d8b-b644-4e41-ac36-b88aceaf3e52:0
[ 4920101ms] [ERROR] [API Error] {message: Request failed with status 502, status: 502, response: Response, endpoint: https://dashboard.powerclubglobal.com/api/task-attempts?task_id=11b39d8b-b644-4e41-ac36-b88aceaf3e52, timestamp: 2026-03-07T17:59:53.632Z} @ https://dashboard.powerclubglobal.com/assets/index-Ccq6DXzw.js:659
[ 4921619ms] [ERROR] Failed to load resource: the server responded with a status of 502 () @ https://dashboard.powerclubglobal.com/api/task-attempts?task_id=11b39d8b-b644-4e41-ac36-b88aceaf3e52:0
[ 4921620ms] [ERROR] [API Error] {message: Request failed with status 502, status: 502, response: Response, endpoint: https://dashboard.powerclubglobal.com/api/task-attempts?task_id=11b39d8b-b644-4e41-ac36-b88aceaf3e52, timestamp: 2026-03-07T17:59:55.151Z} @ https://dashboard.powerclubglobal.com/assets/index-Ccq6DXzw.js:659
[ 4922489ms] [ERROR] WebSocket connection to 'wss://dashboard.powerclubglobal.com/api/tasks/stream/ws?project_id=00000000-0000-0000-0000-000000000001' failed: Error during WebSocket handshake: Unexpected response code: 502 @ https://dashboard.powerclubglobal.com/assets/project-tasks-CeeYSht9.js:189
[ 4924022ms] [ERROR] Failed to load resource: the server responded with a status of 502 () @ https://dashboard.powerclubglobal.com/api/task-attempts?task_id=11b39d8b-b644-4e41-ac36-b88aceaf3e52:0
[ 4924023ms] [ERROR] [API Error] {message: Request failed with status 502, status: 502, response: Response, endpoint: https://dashboard.powerclubglobal.com/api/task-attempts?task_id=11b39d8b-b644-4e41-ac36-b88aceaf3e52, timestamp: 2026-03-07T17:59:57.553Z} @ https://dashboard.powerclubglobal.com/assets/index-Ccq6DXzw.js:659
[ 4929106ms] [ERROR] Failed to load resource: the server responded with a status of 502 () @ https://dashboard.powerclubglobal.com/api/task-attempts?task_id=11b39d8b-b644-4e41-ac36-b88aceaf3e52:0
[ 4929106ms] [ERROR] [API Error] {message: Request failed with status 502, status: 502, response: Response, endpoint: https://dashboard.powerclubglobal.com/api/task-attempts?task_id=11b39d8b-b644-4e41-ac36-b88aceaf3e52, timestamp: 2026-03-07T18:00:02.637Z} @ https://dashboard.powerclubglobal.com/assets/index-Ccq6DXzw.js:659
[ 4931738ms] [ERROR] WebSocket connection to 'wss://dashboard.powerclubglobal.com/api/tasks/stream/ws?project_id=00000000-0000-0000-0000-000000000001' failed: Error during WebSocket handshake: Unexpected response code: 502 @ https://dashboard.powerclubglobal.com/assets/project-tasks-CeeYSht9.js:189
[ 4935281ms] [ERROR] Failed to load resource: the server responded with a status of 502 () @ https://dashboard.powerclubglobal.com/api/task-attempts?task_id=11b39d8b-b644-4e41-ac36-b88aceaf3e52:0
[ 4935281ms] [ERROR] [API Error] {message: Request failed with status 502, status: 502, response: Response, endpoint: https://dashboard.powerclubglobal.com/api/task-attempts?task_id=11b39d8b-b644-4e41-ac36-b88aceaf3e52, timestamp: 2026-03-07T18:00:08.812Z} @ https://dashboard.powerclubglobal.com/assets/index-Ccq6DXzw.js:659
[ 4936854ms] [ERROR] Failed to load resource: the server responded with a status of 502 () @ https://dashboard.powerclubglobal.com/api/task-attempts?task_id=11b39d8b-b644-4e41-ac36-b88aceaf3e52:0
[ 4936854ms] [ERROR] [API Error] {message: Request failed with status 502, status: 502, response: Response, endpoint: https://dashboard.powerclubglobal.com/api/task-attempts?task_id=11b39d8b-b644-4e41-ac36-b88aceaf3e52, timestamp: 2026-03-07T18:00:10.385Z} @ https://dashboard.powerclubglobal.com/assets/index-Ccq6DXzw.js:659
[ 4939272ms] [ERROR] Failed to load resource: the server responded with a status of 502 () @ https://dashboard.powerclubglobal.com/api/task-attempts?task_id=11b39d8b-b644-4e41-ac36-b88aceaf3e52:0
[ 4939273ms] [ERROR] [API Error] {message: Request failed with status 502, status: 502, response: Response, endpoint: https://dashboard.powerclubglobal.com/api/task-attempts?task_id=11b39d8b-b644-4e41-ac36-b88aceaf3e52, timestamp: 2026-03-07T18:00:12.804Z} @ https://dashboard.powerclubglobal.com/assets/index-Ccq6DXzw.js:659
[ 4941364ms] [ERROR] WebSocket connection to 'wss://dashboard.powerclubglobal.com/api/tasks/stream/ws?project_id=00000000-0000-0000-0000-000000000001' failed: Error during WebSocket handshake: Unexpected response code: 502 @ https://dashboard.powerclubglobal.com/assets/project-tasks-CeeYSht9.js:189
[ 4943649ms] [ERROR] Failed to load resource: the server responded with a status of 502 () @ https://dashboard.powerclubglobal.com/api/task-attempts?task_id=11b39d8b-b644-4e41-ac36-b88aceaf3e52:0
[ 4943652ms] [ERROR] [API Error] {message: Request failed with status 502, status: 502, response: Response, endpoint: https://dashboard.powerclubglobal.com/api/task-attempts?task_id=11b39d8b-b644-4e41-ac36-b88aceaf3e52, timestamp: 2026-03-07T18:00:17.183Z} @ https://dashboard.powerclubglobal.com/assets/index-Ccq6DXzw.js:659
[ 4949108ms] [ERROR] Failed to load resource: the server responded with a status of 502 () @ https://dashboard.powerclubglobal.com/api/task-attempts?task_id=11b39d8b-b644-4e41-ac36-b88aceaf3e52:0
[ 4949109ms] [ERROR] [API Error] {message: Request failed with status 502, status: 502, response: Response, endpoint: https://dashboard.powerclubglobal.com/api/task-attempts?task_id=11b39d8b-b644-4e41-ac36-b88aceaf3e52, timestamp: 2026-03-07T18:00:22.639Z} @ https://dashboard.powerclubglobal.com/assets/index-Ccq6DXzw.js:659
[ 4950661ms] [ERROR] Failed to load resource: the server responded with a status of 502 () @ https://dashboard.powerclubglobal.com/api/task-attempts?task_id=11b39d8b-b644-4e41-ac36-b88aceaf3e52:0
[ 4950662ms] [ERROR] [API Error] {message: Request failed with status 502, status: 502, response: Response, endpoint: https://dashboard.powerclubglobal.com/api/task-attempts?task_id=11b39d8b-b644-4e41-ac36-b88aceaf3e52, timestamp: 2026-03-07T18:00:24.193Z} @ https://dashboard.powerclubglobal.com/assets/index-Ccq6DXzw.js:659
[ 4951015ms] [ERROR] WebSocket connection to 'wss://dashboard.powerclubglobal.com/api/tasks/stream/ws?project_id=00000000-0000-0000-0000-000000000001' failed: Error during WebSocket handshake: Unexpected response code: 502 @ https://dashboard.powerclubglobal.com/assets/project-tasks-CeeYSht9.js:189
[ 4955310ms] [ERROR] Failed to load resource: the server responded with a status of 502 () @ https://dashboard.powerclubglobal.com/api/task-attempts?task_id=11b39d8b-b644-4e41-ac36-b88aceaf3e52:0
[ 4955311ms] [ERROR] [API Error] {message: Request failed with status 502, status: 502, response: Response, endpoint: https://dashboard.powerclubglobal.com/api/task-attempts?task_id=11b39d8b-b644-4e41-ac36-b88aceaf3e52, timestamp: 2026-03-07T18:00:28.841Z} @ https://dashboard.powerclubglobal.com/assets/index-Ccq6DXzw.js:659
[ 4959665ms] [ERROR] Failed to load resource: the server responded with a status of 502 () @ https://dashboard.powerclubglobal.com/api/task-attempts?task_id=11b39d8b-b644-4e41-ac36-b88aceaf3e52:0
[ 4959666ms] [ERROR] [API Error] {message: Request failed with status 502, status: 502, response: Response, endpoint: https://dashboard.powerclubglobal.com/api/task-attempts?task_id=11b39d8b-b644-4e41-ac36-b88aceaf3e52, timestamp: 2026-03-07T18:00:33.196Z} @ https://dashboard.powerclubglobal.com/assets/index-Ccq6DXzw.js:659
[ 4962928ms] [ERROR] WebSocket connection to 'wss://dashboard.powerclubglobal.com/api/tasks/stream/ws?project_id=00000000-0000-0000-0000-000000000001' failed: Error during WebSocket handshake: Unexpected response code: 502 @ https://dashboard.powerclubglobal.com/assets/project-tasks-CeeYSht9.js:189
[ 4966868ms] [ERROR] Failed to load resource: the server responded with a status of 502 () @ https://dashboard.powerclubglobal.com/api/task-attempts?task_id=11b39d8b-b644-4e41-ac36-b88aceaf3e52:0
[ 4966870ms] [ERROR] [API Error] {message: Request failed with status 502, status: 502, response: Response, endpoint: https://dashboard.powerclubglobal.com/api/task-attempts?task_id=11b39d8b-b644-4e41-ac36-b88aceaf3e52, timestamp: 2026-03-07T18:00:40.401Z} @ https://dashboard.powerclubglobal.com/assets/index-Ccq6DXzw.js:659
[ 4968221ms] [ERROR] Failed to load resource: the server responded with a status of 502 () @ https://dashboard.powerclubglobal.com/api/task-attempts?task_id=11b39d8b-b644-4e41-ac36-b88aceaf3e52:0
[ 4968223ms] [ERROR] [API Error] {message: Request failed with status 502, status: 502, response: Response, endpoint: https://dashboard.powerclubglobal.com/api/task-attempts?task_id=11b39d8b-b644-4e41-ac36-b88aceaf3e52, timestamp: 2026-03-07T18:00:41.753Z} @ https://dashboard.powerclubglobal.com/assets/index-Ccq6DXzw.js:659
[ 4970599ms] [ERROR] Failed to load resource: the server responded with a status of 502 () @ https://dashboard.powerclubglobal.com/api/task-attempts?task_id=11b39d8b-b644-4e41-ac36-b88aceaf3e52:0
[ 4970601ms] [ERROR] [API Error] {message: Request failed with status 502, status: 502, response: Response, endpoint: https://dashboard.powerclubglobal.com/api/task-attempts?task_id=11b39d8b-b644-4e41-ac36-b88aceaf3e52, timestamp: 2026-03-07T18:00:44.131Z} @ https://dashboard.powerclubglobal.com/assets/index-Ccq6DXzw.js:659
[ 4974960ms] [ERROR] Failed to load resource: the server responded with a status of 502 () @ https://dashboard.powerclubglobal.com/api/task-attempts?task_id=11b39d8b-b644-4e41-ac36-b88aceaf3e52:0
[ 4974961ms] [ERROR] [API Error] {message: Request failed with status 502, status: 502, response: Response, endpoint: https://dashboard.powerclubglobal.com/api/task-attempts?task_id=11b39d8b-b644-4e41-ac36-b88aceaf3e52, timestamp: 2026-03-07T18:00:48.491Z} @ https://dashboard.powerclubglobal.com/assets/index-Ccq6DXzw.js:659
[ 4974976ms] [ERROR] WebSocket connection to 'wss://dashboard.powerclubglobal.com/api/tasks/stream/ws?project_id=00000000-0000-0000-0000-000000000001' failed: Error during WebSocket handshake: Unexpected response code: 502 @ https://dashboard.powerclubglobal.com/assets/project-tasks-CeeYSht9.js:189
[ 4980316ms] [ERROR] Failed to load resource: the server responded with a status of 502 () @ https://dashboard.powerclubglobal.com/api/task-attempts?task_id=11b39d8b-b644-4e41-ac36-b88aceaf3e52:0
[ 4980320ms] [ERROR] [API Error] {message: Request failed with status 502, status: 502, response: Response, endpoint: https://dashboard.powerclubglobal.com/api/task-attempts?task_id=11b39d8b-b644-4e41-ac36-b88aceaf3e52, timestamp: 2026-03-07T18:00:53.850Z} @ https://dashboard.powerclubglobal.com/assets/index-Ccq6DXzw.js:659
[ 4981885ms] [ERROR] Failed to load resource: the server responded with a status of 502 () @ https://dashboard.powerclubglobal.com/api/task-attempts?task_id=11b39d8b-b644-4e41-ac36-b88aceaf3e52:0
[ 4981886ms] [ERROR] [API Error] {message: Request failed with status 502, status: 502, response: Response, endpoint: https://dashboard.powerclubglobal.com/api/task-attempts?task_id=11b39d8b-b644-4e41-ac36-b88aceaf3e52, timestamp: 2026-03-07T18:00:55.417Z} @ https://dashboard.powerclubglobal.com/assets/index-Ccq6DXzw.js:659
[ 4985846ms] [ERROR] Failed to load resource: the server responded with a status of 502 () @ https://dashboard.powerclubglobal.com/api/task-attempts?task_id=11b39d8b-b644-4e41-ac36-b88aceaf3e52:0
[ 4985847ms] [ERROR] [API Error] {message: Request failed with status 502, status: 502, response: Response, endpoint: https://dashboard.powerclubglobal.com/api/task-attempts?task_id=11b39d8b-b644-4e41-ac36-b88aceaf3e52, timestamp: 2026-03-07T18:00:59.378Z} @ https://dashboard.powerclubglobal.com/assets/index-Ccq6DXzw.js:659
[ 4987582ms] [ERROR] WebSocket connection to 'wss://dashboard.powerclubglobal.com/api/tasks/stream/ws?project_id=00000000-0000-0000-0000-000000000001' failed: Error during WebSocket handshake: Unexpected response code: 502 @ https://dashboard.powerclubglobal.com/assets/project-tasks-CeeYSht9.js:189
[ 4990227ms] [ERROR] Failed to load resource: the server responded with a status of 502 () @ https://dashboard.powerclubglobal.com/api/task-attempts?task_id=11b39d8b-b644-4e41-ac36-b88aceaf3e52:0
[ 4990227ms] [ERROR] [API Error] {message: Request failed with status 502, status: 502, response: Response, endpoint: https://dashboard.powerclubglobal.com/api/task-attempts?task_id=11b39d8b-b644-4e41-ac36-b88aceaf3e52, timestamp: 2026-03-07T18:01:03.758Z} @ https://dashboard.powerclubglobal.com/assets/index-Ccq6DXzw.js:659
[ 4995750ms] [ERROR] Failed to load resource: the server responded with a status of 502 () @ https://dashboard.powerclubglobal.com/api/task-attempts?task_id=11b39d8b-b644-4e41-ac36-b88aceaf3e52:0
[ 4995751ms] [ERROR] [API Error] {message: Request failed with status 502, status: 502, response: Response, endpoint: https://dashboard.powerclubglobal.com/api/task-attempts?task_id=11b39d8b-b644-4e41-ac36-b88aceaf3e52, timestamp: 2026-03-07T18:01:09.281Z} @ https://dashboard.powerclubglobal.com/assets/index-Ccq6DXzw.js:659
[ 4997434ms] [ERROR] Failed to load resource: the server responded with a status of 502 () @ https://dashboard.powerclubglobal.com/api/task-attempts?task_id=11b39d8b-b644-4e41-ac36-b88aceaf3e52:0
[ 4997435ms] [ERROR] [API Error] {message: Request failed with status 502, status: 502, response: Response, endpoint: https://dashboard.powerclubglobal.com/api/task-attempts?task_id=11b39d8b-b644-4e41-ac36-b88aceaf3e52, timestamp: 2026-03-07T18:01:10.965Z} @ https://dashboard.powerclubglobal.com/assets/index-Ccq6DXzw.js:659
[ 4998282ms] [ERROR] WebSocket connection to 'wss://dashboard.powerclubglobal.com/api/tasks/stream/ws?project_id=00000000-0000-0000-0000-000000000001' failed: Error during WebSocket handshake: Unexpected response code: 502 @ https://dashboard.powerclubglobal.com/assets/project-tasks-CeeYSht9.js:189
[ 5003040ms] [ERROR] Failed to load resource: the server responded with a status of 502 () @ https://dashboard.powerclubglobal.com/api/task-attempts?task_id=11b39d8b-b644-4e41-ac36-b88aceaf3e52:0
[ 5003041ms] [ERROR] [API Error] {message: Request failed with status 502, status: 502, response: Response, endpoint: https://dashboard.powerclubglobal.com/api/task-attempts?task_id=11b39d8b-b644-4e41-ac36-b88aceaf3e52, timestamp: 2026-03-07T18:01:16.571Z} @ https://dashboard.powerclubglobal.com/assets/index-Ccq6DXzw.js:659
[ 5007439ms] [ERROR] Failed to load resource: the server responded with a status of 502 () @ https://dashboard.powerclubglobal.com/api/task-attempts?task_id=11b39d8b-b644-4e41-ac36-b88aceaf3e52:0
[ 5007440ms] [ERROR] [API Error] {message: Request failed with status 502, status: 502, response: Response, endpoint: https://dashboard.powerclubglobal.com/api/task-attempts?task_id=11b39d8b-b644-4e41-ac36-b88aceaf3e52, timestamp: 2026-03-07T18:01:20.970Z} @ https://dashboard.powerclubglobal.com/assets/index-Ccq6DXzw.js:659
[ 5010442ms] [ERROR] WebSocket connection to 'wss://dashboard.powerclubglobal.com/api/tasks/stream/ws?project_id=00000000-0000-0000-0000-000000000001' failed: Error during WebSocket handshake: Unexpected response code: 502 @ https://dashboard.powerclubglobal.com/assets/project-tasks-CeeYSht9.js:189
[ 5015534ms] [ERROR] Failed to load resource: the server responded with a status of 502 () @ https://dashboard.powerclubglobal.com/api/task-attempts?task_id=11b39d8b-b644-4e41-ac36-b88aceaf3e52:0
[ 5015535ms] [ERROR] [API Error] {message: Request failed with status 502, status: 502, response: Response, endpoint: https://dashboard.powerclubglobal.com/api/task-attempts?task_id=11b39d8b-b644-4e41-ac36-b88aceaf3e52, timestamp: 2026-03-07T18:01:29.066Z} @ https://dashboard.powerclubglobal.com/assets/index-Ccq6DXzw.js:659
[ 5017780ms] [ERROR] Failed to load resource: the server responded with a status of 502 () @ https://dashboard.powerclubglobal.com/api/task-attempts?task_id=11b39d8b-b644-4e41-ac36-b88aceaf3e52:0
[ 5017783ms] [ERROR] [API Error] {message: Request failed with status 502, status: 502, response: Response, endpoint: https://dashboard.powerclubglobal.com/api/task-attempts?task_id=11b39d8b-b644-4e41-ac36-b88aceaf3e52, timestamp: 2026-03-07T18:01:31.314Z} @ https://dashboard.powerclubglobal.com/assets/index-Ccq6DXzw.js:659
[ 5020170ms] [ERROR] Failed to load resource: the server responded with a status of 502 () @ https://dashboard.powerclubglobal.com/api/task-attempts?task_id=11b39d8b-b644-4e41-ac36-b88aceaf3e52:0
[ 5020171ms] [ERROR] [API Error] {message: Request failed with status 502, status: 502, response: Response, endpoint: https://dashboard.powerclubglobal.com/api/task-attempts?task_id=11b39d8b-b644-4e41-ac36-b88aceaf3e52, timestamp: 2026-03-07T18:01:33.701Z} @ https://dashboard.powerclubglobal.com/assets/index-Ccq6DXzw.js:659
[ 5021424ms] [ERROR] WebSocket connection to 'wss://dashboard.powerclubglobal.com/api/tasks/stream/ws?project_id=00000000-0000-0000-0000-000000000001' failed: Error during WebSocket handshake: Unexpected response code: 502 @ https://dashboard.powerclubglobal.com/assets/project-tasks-CeeYSht9.js:189
[ 5024519ms] [ERROR] Failed to load resource: the server responded with a status of 502 () @ https://dashboard.powerclubglobal.com/api/task-attempts?task_id=11b39d8b-b644-4e41-ac36-b88aceaf3e52:0
[ 5024519ms] [ERROR] [API Error] {message: Request failed with status 502, status: 502, response: Response, endpoint: https://dashboard.powerclubglobal.com/api/task-attempts?task_id=11b39d8b-b644-4e41-ac36-b88aceaf3e52, timestamp: 2026-03-07T18:01:38.050Z} @ https://dashboard.powerclubglobal.com/assets/index-Ccq6DXzw.js:659
[ 5029889ms] [ERROR] Failed to load resource: the server responded with a status of 502 () @ https://dashboard.powerclubglobal.com/api/task-attempts?task_id=11b39d8b-b644-4e41-ac36-b88aceaf3e52:0
[ 5029890ms] [ERROR] [API Error] {message: Request failed with status 502, status: 502, response: Response, endpoint: https://dashboard.powerclubglobal.com/api/task-attempts?task_id=11b39d8b-b644-4e41-ac36-b88aceaf3e52, timestamp: 2026-03-07T18:01:43.421Z} @ https://dashboard.powerclubglobal.com/assets/index-Ccq6DXzw.js:659
[ 5031381ms] [ERROR] Failed to load resource: the server responded with a status of 502 () @ https://dashboard.powerclubglobal.com/api/task-attempts?task_id=11b39d8b-b644-4e41-ac36-b88aceaf3e52:0
[ 5031382ms] [ERROR] [API Error] {message: Request failed with status 502, status: 502, response: Response, endpoint: https://dashboard.powerclubglobal.com/api/task-attempts?task_id=11b39d8b-b644-4e41-ac36-b88aceaf3e52, timestamp: 2026-03-07T18:01:44.912Z} @ https://dashboard.powerclubglobal.com/assets/index-Ccq6DXzw.js:659
[ 5033786ms] [ERROR] Failed to load resource: the server responded with a status of 502 () @ https://dashboard.powerclubglobal.com/api/task-attempts?task_id=11b39d8b-b644-4e41-ac36-b88aceaf3e52:0
[ 5033787ms] [ERROR] [API Error] {message: Request failed with status 502, status: 502, response: Response, endpoint: https://dashboard.powerclubglobal.com/api/task-attempts?task_id=11b39d8b-b644-4e41-ac36-b88aceaf3e52, timestamp: 2026-03-07T18:01:47.318Z} @ https://dashboard.powerclubglobal.com/assets/index-Ccq6DXzw.js:659
[ 5034416ms] [ERROR] WebSocket connection to 'wss://dashboard.powerclubglobal.com/api/tasks/stream/ws?project_id=00000000-0000-0000-0000-000000000001' failed: Error during WebSocket handshake: Unexpected response code: 502 @ https://dashboard.powerclubglobal.com/assets/project-tasks-CeeYSht9.js:189
[ 5038788ms] [ERROR] Failed to load resource: the server responded with a status of 502 () @ https://dashboard.powerclubglobal.com/api/task-attempts?task_id=11b39d8b-b644-4e41-ac36-b88aceaf3e52:0
[ 5038788ms] [ERROR] [API Error] {message: Request failed with status 502, status: 502, response: Response, endpoint: https://dashboard.powerclubglobal.com/api/task-attempts?task_id=11b39d8b-b644-4e41-ac36-b88aceaf3e52, timestamp: 2026-03-07T18:01:52.319Z} @ https://dashboard.powerclubglobal.com/assets/index-Ccq6DXzw.js:659
[ 5043351ms] [ERROR] WebSocket connection to 'wss://dashboard.powerclubglobal.com/api/tasks/stream/ws?project_id=00000000-0000-0000-0000-000000000001' failed: Error during WebSocket handshake: Unexpected response code: 502 @ https://dashboard.powerclubglobal.com/assets/project-tasks-CeeYSht9.js:189
[ 5046227ms] [ERROR] Failed to load resource: the server responded with a status of 502 () @ https://dashboard.powerclubglobal.com/api/task-attempts?task_id=11b39d8b-b644-4e41-ac36-b88aceaf3e52:0
[ 5046228ms] [ERROR] [API Error] {message: Request failed with status 502, status: 502, response: Response, endpoint: https://dashboard.powerclubglobal.com/api/task-attempts?task_id=11b39d8b-b644-4e41-ac36-b88aceaf3e52, timestamp: 2026-03-07T18:01:59.759Z} @ https://dashboard.powerclubglobal.com/assets/index-Ccq6DXzw.js:659
[ 5049813ms] [ERROR] Failed to load resource: the server responded with a status of 502 () @ https://dashboard.powerclubglobal.com/api/task-attempts?task_id=11b39d8b-b644-4e41-ac36-b88aceaf3e52:0
[ 5049813ms] [ERROR] [API Error] {message: Request failed with status 502, status: 502, response: Response, endpoint: https://dashboard.powerclubglobal.com/api/task-attempts?task_id=11b39d8b-b644-4e41-ac36-b88aceaf3e52, timestamp: 2026-03-07T18:02:03.344Z} @ https://dashboard.powerclubglobal.com/assets/index-Ccq6DXzw.js:659
[ 5052196ms] [ERROR] WebSocket connection to 'wss://dashboard.powerclubglobal.com/api/tasks/stream/ws?project_id=00000000-0000-0000-0000-000000000001' failed: Error during WebSocket handshake: Unexpected response code: 502 @ https://dashboard.powerclubglobal.com/assets/project-tasks-CeeYSht9.js:189
[ 5052205ms] [ERROR] Failed to load resource: the server responded with a status of 502 () @ https://dashboard.powerclubglobal.com/api/task-attempts?task_id=11b39d8b-b644-4e41-ac36-b88aceaf3e52:0
[ 5052206ms] [ERROR] [API Error] {message: Request failed with status 502, status: 502, response: Response, endpoint: https://dashboard.powerclubglobal.com/api/task-attempts?task_id=11b39d8b-b644-4e41-ac36-b88aceaf3e52, timestamp: 2026-03-07T18:02:05.737Z} @ https://dashboard.powerclubglobal.com/assets/index-Ccq6DXzw.js:659
[ 5056915ms] [ERROR] Failed to load resource: the server responded with a status of 502 () @ https://dashboard.powerclubglobal.com/api/task-attempts?task_id=11b39d8b-b644-4e41-ac36-b88aceaf3e52:0
[ 5056916ms] [ERROR] [API Error] {message: Request failed with status 502, status: 502, response: Response, endpoint: https://dashboard.powerclubglobal.com/api/task-attempts?task_id=11b39d8b-b644-4e41-ac36-b88aceaf3e52, timestamp: 2026-03-07T18:02:10.446Z} @ https://dashboard.powerclubglobal.com/assets/index-Ccq6DXzw.js:659
[ 5061318ms] [ERROR] WebSocket connection to 'wss://dashboard.powerclubglobal.com/api/tasks/stream/ws?project_id=00000000-0000-0000-0000-000000000001' failed: Error during WebSocket handshake: Unexpected response code: 502 @ https://dashboard.powerclubglobal.com/assets/project-tasks-CeeYSht9.js:189
[ 5063856ms] [ERROR] Failed to load resource: the server responded with a status of 502 () @ https://dashboard.powerclubglobal.com/api/task-attempts?task_id=11b39d8b-b644-4e41-ac36-b88aceaf3e52:0
[ 5063857ms] [ERROR] [API Error] {message: Request failed with status 502, status: 502, response: Response, endpoint: https://dashboard.powerclubglobal.com/api/task-attempts?task_id=11b39d8b-b644-4e41-ac36-b88aceaf3e52, timestamp: 2026-03-07T18:02:17.387Z} @ https://dashboard.powerclubglobal.com/assets/index-Ccq6DXzw.js:659
[ 5065212ms] [ERROR] Failed to load resource: the server responded with a status of 502 () @ https://dashboard.powerclubglobal.com/api/task-attempts?task_id=11b39d8b-b644-4e41-ac36-b88aceaf3e52:0
[ 5065213ms] [ERROR] [API Error] {message: Request failed with status 502, status: 502, response: Response, endpoint: https://dashboard.powerclubglobal.com/api/task-attempts?task_id=11b39d8b-b644-4e41-ac36-b88aceaf3e52, timestamp: 2026-03-07T18:02:18.744Z} @ https://dashboard.powerclubglobal.com/assets/index-Ccq6DXzw.js:659
[ 5067980ms] [ERROR] Failed to load resource: the server responded with a status of 502 () @ https://dashboard.powerclubglobal.com/api/task-attempts?task_id=11b39d8b-b644-4e41-ac36-b88aceaf3e52:0
[ 5067980ms] [ERROR] [API Error] {message: Request failed with status 502, status: 502, response: Response, endpoint: https://dashboard.powerclubglobal.com/api/task-attempts?task_id=11b39d8b-b644-4e41-ac36-b88aceaf3e52, timestamp: 2026-03-07T18:02:21.511Z} @ https://dashboard.powerclubglobal.com/assets/index-Ccq6DXzw.js:659
[ 5070345ms] [ERROR] WebSocket connection to 'wss://dashboard.powerclubglobal.com/api/tasks/stream/ws?project_id=00000000-0000-0000-0000-000000000001' failed: Error during WebSocket handshake: Unexpected response code: 502 @ https://dashboard.powerclubglobal.com/assets/project-tasks-CeeYSht9.js:189
[ 5072828ms] [ERROR] Failed to load resource: the server responded with a status of 502 () @ https://dashboard.powerclubglobal.com/api/task-attempts?task_id=11b39d8b-b644-4e41-ac36-b88aceaf3e52:0
[ 5072829ms] [ERROR] [API Error] {message: Request failed with status 502, status: 502, response: Response, endpoint: https://dashboard.powerclubglobal.com/api/task-attempts?task_id=11b39d8b-b644-4e41-ac36-b88aceaf3e52, timestamp: 2026-03-07T18:02:26.359Z} @ https://dashboard.powerclubglobal.com/assets/index-Ccq6DXzw.js:659
[ 5078179ms] [ERROR] Failed to load resource: the server responded with a status of 502 () @ https://dashboard.powerclubglobal.com/api/task-attempts?task_id=11b39d8b-b644-4e41-ac36-b88aceaf3e52:0
[ 5078179ms] [ERROR] [API Error] {message: Request failed with status 502, status: 502, response: Response, endpoint: https://dashboard.powerclubglobal.com/api/task-attempts?task_id=11b39d8b-b644-4e41-ac36-b88aceaf3e52, timestamp: 2026-03-07T18:02:31.710Z} @ https://dashboard.powerclubglobal.com/assets/index-Ccq6DXzw.js:659
[ 5079554ms] [ERROR] Failed to load resource: the server responded with a status of 502 () @ https://dashboard.powerclubglobal.com/api/task-attempts?task_id=11b39d8b-b644-4e41-ac36-b88aceaf3e52:0
[ 5079555ms] [ERROR] [API Error] {message: Request failed with status 502, status: 502, response: Response, endpoint: https://dashboard.powerclubglobal.com/api/task-attempts?task_id=11b39d8b-b644-4e41-ac36-b88aceaf3e52, timestamp: 2026-03-07T18:02:33.086Z} @ https://dashboard.powerclubglobal.com/assets/index-Ccq6DXzw.js:659
[ 5079596ms] [ERROR] WebSocket connection to 'wss://dashboard.powerclubglobal.com/api/tasks/stream/ws?project_id=00000000-0000-0000-0000-000000000001' failed: Error during WebSocket handshake: Unexpected response code: 502 @ https://dashboard.powerclubglobal.com/assets/project-tasks-CeeYSht9.js:189
[ 5082604ms] [ERROR] Failed to load resource: the server responded with a status of 502 () @ https://dashboard.powerclubglobal.com/api/task-attempts?task_id=11b39d8b-b644-4e41-ac36-b88aceaf3e52:0
[ 5082605ms] [ERROR] [API Error] {message: Request failed with status 502, status: 502, response: Response, endpoint: https://dashboard.powerclubglobal.com/api/task-attempts?task_id=11b39d8b-b644-4e41-ac36-b88aceaf3e52, timestamp: 2026-03-07T18:02:36.135Z} @ https://dashboard.powerclubglobal.com/assets/index-Ccq6DXzw.js:659
[ 5086960ms] [ERROR] Failed to load resource: the server responded with a status of 502 () @ https://dashboard.powerclubglobal.com/api/task-attempts?task_id=11b39d8b-b644-4e41-ac36-b88aceaf3e52:0
[ 5086961ms] [ERROR] [API Error] {message: Request failed with status 502, status: 502, response: Response, endpoint: https://dashboard.powerclubglobal.com/api/task-attempts?task_id=11b39d8b-b644-4e41-ac36-b88aceaf3e52, timestamp: 2026-03-07T18:02:40.491Z} @ https://dashboard.powerclubglobal.com/assets/index-Ccq6DXzw.js:659
[ 5088786ms] [ERROR] WebSocket connection to 'wss://dashboard.powerclubglobal.com/api/tasks/stream/ws?project_id=00000000-0000-0000-0000-000000000001' failed: Error during WebSocket handshake: Unexpected response code: 502 @ https://dashboard.powerclubglobal.com/assets/project-tasks-CeeYSht9.js:189
[ 5094775ms] [ERROR] Failed to load resource: the server responded with a status of 502 () @ https://dashboard.powerclubglobal.com/api/task-attempts?task_id=11b39d8b-b644-4e41-ac36-b88aceaf3e52:0
[ 5094775ms] [ERROR] [API Error] {message: Request failed with status 502, status: 502, response: Response, endpoint: https://dashboard.powerclubglobal.com/api/task-attempts?task_id=11b39d8b-b644-4e41-ac36-b88aceaf3e52, timestamp: 2026-03-07T18:02:48.306Z} @ https://dashboard.powerclubglobal.com/assets/index-Ccq6DXzw.js:659
[ 5096207ms] [ERROR] Failed to load resource: the server responded with a status of 502 () @ https://dashboard.powerclubglobal.com/api/task-attempts?task_id=11b39d8b-b644-4e41-ac36-b88aceaf3e52:0
[ 5096208ms] [ERROR] [API Error] {message: Request failed with status 502, status: 502, response: Response, endpoint: https://dashboard.powerclubglobal.com/api/task-attempts?task_id=11b39d8b-b644-4e41-ac36-b88aceaf3e52, timestamp: 2026-03-07T18:02:49.738Z} @ https://dashboard.powerclubglobal.com/assets/index-Ccq6DXzw.js:659
[ 5097760ms] [ERROR] WebSocket connection to 'wss://dashboard.powerclubglobal.com/api/tasks/stream/ws?project_id=00000000-0000-0000-0000-000000000001' failed: Error during WebSocket handshake: Unexpected response code: 502 @ https://dashboard.powerclubglobal.com/assets/project-tasks-CeeYSht9.js:189
[ 5099705ms] [ERROR] Failed to load resource: the server responded with a status of 502 () @ https://dashboard.powerclubglobal.com/api/task-attempts?task_id=11b39d8b-b644-4e41-ac36-b88aceaf3e52:0
[ 5099706ms] [ERROR] [API Error] {message: Request failed with status 502, status: 502, response: Response, endpoint: https://dashboard.powerclubglobal.com/api/task-attempts?task_id=11b39d8b-b644-4e41-ac36-b88aceaf3e52, timestamp: 2026-03-07T18:02:53.236Z} @ https://dashboard.powerclubglobal.com/assets/index-Ccq6DXzw.js:659
[ 5104777ms] [ERROR] Failed to load resource: the server responded with a status of 502 () @ https://dashboard.powerclubglobal.com/api/task-attempts?task_id=11b39d8b-b644-4e41-ac36-b88aceaf3e52:0
[ 5104778ms] [ERROR] [API Error] {message: Request failed with status 502, status: 502, response: Response, endpoint: https://dashboard.powerclubglobal.com/api/task-attempts?task_id=11b39d8b-b644-4e41-ac36-b88aceaf3e52, timestamp: 2026-03-07T18:02:58.308Z} @ https://dashboard.powerclubglobal.com/assets/index-Ccq6DXzw.js:659
[ 5107178ms] [ERROR] WebSocket connection to 'wss://dashboard.powerclubglobal.com/api/tasks/stream/ws?project_id=00000000-0000-0000-0000-000000000001' failed: Error during WebSocket handshake: Unexpected response code: 502 @ https://dashboard.powerclubglobal.com/assets/project-tasks-CeeYSht9.js:189
[ 5110776ms] [ERROR] Failed to load resource: the server responded with a status of 502 () @ https://dashboard.powerclubglobal.com/api/task-attempts?task_id=11b39d8b-b644-4e41-ac36-b88aceaf3e52:0
[ 5110777ms] [ERROR] [API Error] {message: Request failed with status 502, status: 502, response: Response, endpoint: https://dashboard.powerclubglobal.com/api/task-attempts?task_id=11b39d8b-b644-4e41-ac36-b88aceaf3e52, timestamp: 2026-03-07T18:03:04.307Z} @ https://dashboard.powerclubglobal.com/assets/index-Ccq6DXzw.js:659
[ 5112777ms] [ERROR] Failed to load resource: the server responded with a status of 502 () @ https://dashboard.powerclubglobal.com/api/task-attempts?task_id=11b39d8b-b644-4e41-ac36-b88aceaf3e52:0
[ 5112778ms] [ERROR] [API Error] {message: Request failed with status 502, status: 502, response: Response, endpoint: https://dashboard.powerclubglobal.com/api/task-attempts?task_id=11b39d8b-b644-4e41-ac36-b88aceaf3e52, timestamp: 2026-03-07T18:03:06.308Z} @ https://dashboard.powerclubglobal.com/assets/index-Ccq6DXzw.js:659
[ 5115191ms] [ERROR] Failed to load resource: the server responded with a status of 502 () @ https://dashboard.powerclubglobal.com/api/task-attempts?task_id=11b39d8b-b644-4e41-ac36-b88aceaf3e52:0
[ 5115191ms] [ERROR] [API Error] {message: Request failed with status 502, status: 502, response: Response, endpoint: https://dashboard.powerclubglobal.com/api/task-attempts?task_id=11b39d8b-b644-4e41-ac36-b88aceaf3e52, timestamp: 2026-03-07T18:03:08.722Z} @ https://dashboard.powerclubglobal.com/assets/index-Ccq6DXzw.js:659
[ 5116126ms] [ERROR] WebSocket connection to 'wss://dashboard.powerclubglobal.com/api/tasks/stream/ws?project_id=00000000-0000-0000-0000-000000000001' failed: Error during WebSocket handshake: Unexpected response code: 502 @ https://dashboard.powerclubglobal.com/assets/project-tasks-CeeYSht9.js:189
[ 5120779ms] [ERROR] Failed to load resource: the server responded with a status of 502 () @ https://dashboard.powerclubglobal.com/api/task-attempts?task_id=11b39d8b-b644-4e41-ac36-b88aceaf3e52:0
[ 5120780ms] [ERROR] [API Error] {message: Request failed with status 502, status: 502, response: Response, endpoint: https://dashboard.powerclubglobal.com/api/task-attempts?task_id=11b39d8b-b644-4e41-ac36-b88aceaf3e52, timestamp: 2026-03-07T18:03:14.310Z} @ https://dashboard.powerclubglobal.com/assets/index-Ccq6DXzw.js:659
[ 5125308ms] [ERROR] WebSocket connection to 'wss://dashboard.powerclubglobal.com/api/tasks/stream/ws?project_id=00000000-0000-0000-0000-000000000001' failed: Error during WebSocket handshake: Unexpected response code: 502 @ https://dashboard.powerclubglobal.com/assets/project-tasks-CeeYSht9.js:189
[ 5126138ms] [ERROR] Failed to load resource: the server responded with a status of 502 () @ https://dashboard.powerclubglobal.com/api/task-attempts?task_id=11b39d8b-b644-4e41-ac36-b88aceaf3e52:0
[ 5126139ms] [ERROR] [API Error] {message: Request failed with status 502, status: 502, response: Response, endpoint: https://dashboard.powerclubglobal.com/api/task-attempts?task_id=11b39d8b-b644-4e41-ac36-b88aceaf3e52, timestamp: 2026-03-07T18:03:19.669Z} @ https://dashboard.powerclubglobal.com/assets/index-Ccq6DXzw.js:659
[ 5128731ms] [ERROR] Failed to load resource: the server responded with a status of 502 () @ https://dashboard.powerclubglobal.com/api/task-attempts?task_id=11b39d8b-b644-4e41-ac36-b88aceaf3e52:0
[ 5128732ms] [ERROR] [API Error] {message: Request failed with status 502, status: 502, response: Response, endpoint: https://dashboard.powerclubglobal.com/api/task-attempts?task_id=11b39d8b-b644-4e41-ac36-b88aceaf3e52, timestamp: 2026-03-07T18:03:22.262Z} @ https://dashboard.powerclubglobal.com/assets/index-Ccq6DXzw.js:659
[ 5131104ms] [ERROR] Failed to load resource: the server responded with a status of 502 () @ https://dashboard.powerclubglobal.com/api/task-attempts?task_id=11b39d8b-b644-4e41-ac36-b88aceaf3e52:0
[ 5131105ms] [ERROR] [API Error] {message: Request failed with status 502, status: 502, response: Response, endpoint: https://dashboard.powerclubglobal.com/api/task-attempts?task_id=11b39d8b-b644-4e41-ac36-b88aceaf3e52, timestamp: 2026-03-07T18:03:24.635Z} @ https://dashboard.powerclubglobal.com/assets/index-Ccq6DXzw.js:659
[ 5134522ms] [ERROR] WebSocket connection to 'wss://dashboard.powerclubglobal.com/api/tasks/stream/ws?project_id=00000000-0000-0000-0000-000000000001' failed: Error during WebSocket handshake: Unexpected response code: 502 @ https://dashboard.powerclubglobal.com/assets/project-tasks-CeeYSht9.js:189
[ 5135653ms] [ERROR] Failed to load resource: the server responded with a status of 502 () @ https://dashboard.powerclubglobal.com/api/task-attempts?task_id=11b39d8b-b644-4e41-ac36-b88aceaf3e52:0
[ 5135654ms] [ERROR] [API Error] {message: Request failed with status 502, status: 502, response: Response, endpoint: https://dashboard.powerclubglobal.com/api/task-attempts?task_id=11b39d8b-b644-4e41-ac36-b88aceaf3e52, timestamp: 2026-03-07T18:03:29.184Z} @ https://dashboard.powerclubglobal.com/assets/index-Ccq6DXzw.js:659
[ 5141348ms] [ERROR] Failed to load resource: the server responded with a status of 502 () @ https://dashboard.powerclubglobal.com/api/task-attempts?task_id=11b39d8b-b644-4e41-ac36-b88aceaf3e52:0
[ 5141349ms] [ERROR] [API Error] {message: Request failed with status 502, status: 502, response: Response, endpoint: https://dashboard.powerclubglobal.com/api/task-attempts?task_id=11b39d8b-b644-4e41-ac36-b88aceaf3e52, timestamp: 2026-03-07T18:03:34.879Z} @ https://dashboard.powerclubglobal.com/assets/index-Ccq6DXzw.js:659
[ 5142733ms] [ERROR] Failed to load resource: the server responded with a status of 502 () @ https://dashboard.powerclubglobal.com/api/task-attempts?task_id=11b39d8b-b644-4e41-ac36-b88aceaf3e52:0
[ 5142736ms] [ERROR] [API Error] {message: Request failed with status 502, status: 502, response: Response, endpoint: https://dashboard.powerclubglobal.com/api/task-attempts?task_id=11b39d8b-b644-4e41-ac36-b88aceaf3e52, timestamp: 2026-03-07T18:03:36.266Z} @ https://dashboard.powerclubglobal.com/assets/index-Ccq6DXzw.js:659
[ 5143782ms] [ERROR] WebSocket connection to 'wss://dashboard.powerclubglobal.com/api/tasks/stream/ws?project_id=00000000-0000-0000-0000-000000000001' failed: Error during WebSocket handshake: Unexpected response code: 502 @ https://dashboard.powerclubglobal.com/assets/project-tasks-CeeYSht9.js:189
[ 5145093ms] [ERROR] Failed to load resource: the server responded with a status of 502 () @ https://dashboard.powerclubglobal.com/api/task-attempts?task_id=11b39d8b-b644-4e41-ac36-b88aceaf3e52:0
[ 5145094ms] [ERROR] [API Error] {message: Request failed with status 502, status: 502, response: Response, endpoint: https://dashboard.powerclubglobal.com/api/task-attempts?task_id=11b39d8b-b644-4e41-ac36-b88aceaf3e52, timestamp: 2026-03-07T18:03:38.624Z} @ https://dashboard.powerclubglobal.com/assets/index-Ccq6DXzw.js:659
[ 5149491ms] [ERROR] Failed to load resource: the server responded with a status of 502 () @ https://dashboard.powerclubglobal.com/api/task-attempts?task_id=11b39d8b-b644-4e41-ac36-b88aceaf3e52:0
[ 5149492ms] [ERROR] [API Error] {message: Request failed with status 502, status: 502, response: Response, endpoint: https://dashboard.powerclubglobal.com/api/task-attempts?task_id=11b39d8b-b644-4e41-ac36-b88aceaf3e52, timestamp: 2026-03-07T18:03:43.022Z} @ https://dashboard.powerclubglobal.com/assets/index-Ccq6DXzw.js:659
[ 5153779ms] [ERROR] WebSocket connection to 'wss://dashboard.powerclubglobal.com/api/tasks/stream/ws?project_id=00000000-0000-0000-0000-000000000001' failed: Error during WebSocket handshake: Unexpected response code: 502 @ https://dashboard.powerclubglobal.com/assets/project-tasks-CeeYSht9.js:189
[ 5154850ms] [ERROR] Failed to load resource: the server responded with a status of 502 () @ https://dashboard.powerclubglobal.com/api/task-attempts?task_id=11b39d8b-b644-4e41-ac36-b88aceaf3e52:0
[ 5154851ms] [ERROR] [API Error] {message: Request failed with status 502, status: 502, response: Response, endpoint: https://dashboard.powerclubglobal.com/api/task-attempts?task_id=11b39d8b-b644-4e41-ac36-b88aceaf3e52, timestamp: 2026-03-07T18:03:48.382Z} @ https://dashboard.powerclubglobal.com/assets/index-Ccq6DXzw.js:659
[ 5157787ms] [ERROR] Failed to load resource: the server responded with a status of 502 () @ https://dashboard.powerclubglobal.com/api/task-attempts?task_id=11b39d8b-b644-4e41-ac36-b88aceaf3e52:0
[ 5157788ms] [ERROR] [API Error] {message: Request failed with status 502, status: 502, response: Response, endpoint: https://dashboard.powerclubglobal.com/api/task-attempts?task_id=11b39d8b-b644-4e41-ac36-b88aceaf3e52, timestamp: 2026-03-07T18:03:51.318Z} @ https://dashboard.powerclubglobal.com/assets/index-Ccq6DXzw.js:659
[ 5160138ms] [ERROR] Failed to load resource: the server responded with a status of 502 () @ https://dashboard.powerclubglobal.com/api/task-attempts?task_id=11b39d8b-b644-4e41-ac36-b88aceaf3e52:0
[ 5160139ms] [ERROR] [API Error] {message: Request failed with status 502, status: 502, response: Response, endpoint: https://dashboard.powerclubglobal.com/api/task-attempts?task_id=11b39d8b-b644-4e41-ac36-b88aceaf3e52, timestamp: 2026-03-07T18:03:53.669Z} @ https://dashboard.powerclubglobal.com/assets/index-Ccq6DXzw.js:659
[ 5163946ms] [ERROR] WebSocket connection to 'wss://dashboard.powerclubglobal.com/api/tasks/stream/ws?project_id=00000000-0000-0000-0000-000000000001' failed: Error during WebSocket handshake: Unexpected response code: 502 @ https://dashboard.powerclubglobal.com/assets/project-tasks-CeeYSht9.js:189
[ 5164493ms] [ERROR] Failed to load resource: the server responded with a status of 502 () @ https://dashboard.powerclubglobal.com/api/task-attempts?task_id=11b39d8b-b644-4e41-ac36-b88aceaf3e52:0
[ 5164498ms] [ERROR] [API Error] {message: Request failed with status 502, status: 502, response: Response, endpoint: https://dashboard.powerclubglobal.com/api/task-attempts?task_id=11b39d8b-b644-4e41-ac36-b88aceaf3e52, timestamp: 2026-03-07T18:03:58.029Z} @ https://dashboard.powerclubglobal.com/assets/index-Ccq6DXzw.js:659
[ 5169979ms] [ERROR] Failed to load resource: the server responded with a status of 502 () @ https://dashboard.powerclubglobal.com/api/task-attempts?task_id=11b39d8b-b644-4e41-ac36-b88aceaf3e52:0
[ 5169980ms] [ERROR] [API Error] {message: Request failed with status 502, status: 502, response: Response, endpoint: https://dashboard.powerclubglobal.com/api/task-attempts?task_id=11b39d8b-b644-4e41-ac36-b88aceaf3e52, timestamp: 2026-03-07T18:04:03.511Z} @ https://dashboard.powerclubglobal.com/assets/index-Ccq6DXzw.js:659
[ 5171341ms] [ERROR] Failed to load resource: the server responded with a status of 502 () @ https://dashboard.powerclubglobal.com/api/task-attempts?task_id=11b39d8b-b644-4e41-ac36-b88aceaf3e52:0
[ 5171342ms] [ERROR] [API Error] {message: Request failed with status 502, status: 502, response: Response, endpoint: https://dashboard.powerclubglobal.com/api/task-attempts?task_id=11b39d8b-b644-4e41-ac36-b88aceaf3e52, timestamp: 2026-03-07T18:04:04.873Z} @ https://dashboard.powerclubglobal.com/assets/index-Ccq6DXzw.js:659
[ 5173746ms] [ERROR] Failed to load resource: the server responded with a status of 502 () @ https://dashboard.powerclubglobal.com/api/task-attempts?task_id=11b39d8b-b644-4e41-ac36-b88aceaf3e52:0
[ 5173747ms] [ERROR] [API Error] {message: Request failed with status 502, status: 502, response: Response, endpoint: https://dashboard.powerclubglobal.com/api/task-attempts?task_id=11b39d8b-b644-4e41-ac36-b88aceaf3e52, timestamp: 2026-03-07T18:04:07.277Z} @ https://dashboard.powerclubglobal.com/assets/index-Ccq6DXzw.js:659
[ 5174369ms] [ERROR] WebSocket connection to 'wss://dashboard.powerclubglobal.com/api/tasks/stream/ws?project_id=00000000-0000-0000-0000-000000000001' failed: Error during WebSocket handshake: Unexpected response code: 502 @ https://dashboard.powerclubglobal.com/assets/project-tasks-CeeYSht9.js:189
[ 5178170ms] [ERROR] Failed to load resource: the server responded with a status of 502 () @ https://dashboard.powerclubglobal.com/api/task-attempts?task_id=11b39d8b-b644-4e41-ac36-b88aceaf3e52:0
[ 5178171ms] [ERROR] [API Error] {message: Request failed with status 502, status: 502, response: Response, endpoint: https://dashboard.powerclubglobal.com/api/task-attempts?task_id=11b39d8b-b644-4e41-ac36-b88aceaf3e52, timestamp: 2026-03-07T18:04:11.701Z} @ https://dashboard.powerclubglobal.com/assets/index-Ccq6DXzw.js:659
[ 5184185ms] [ERROR] Failed to load resource: the server responded with a status of 502 () @ https://dashboard.powerclubglobal.com/api/task-attempts?task_id=11b39d8b-b644-4e41-ac36-b88aceaf3e52:0
[ 5184187ms] [ERROR] [API Error] {message: Request failed with status 502, status: 502, response: Response, endpoint: https://dashboard.powerclubglobal.com/api/task-attempts?task_id=11b39d8b-b644-4e41-ac36-b88aceaf3e52, timestamp: 2026-03-07T18:04:17.717Z} @ https://dashboard.powerclubglobal.com/assets/index-Ccq6DXzw.js:659
[ 5185534ms] [ERROR] Failed to load resource: the server responded with a status of 502 () @ https://dashboard.powerclubglobal.com/api/task-attempts?task_id=11b39d8b-b644-4e41-ac36-b88aceaf3e52:0
[ 5185534ms] [ERROR] [API Error] {message: Request failed with status 502, status: 502, response: Response, endpoint: https://dashboard.powerclubglobal.com/api/task-attempts?task_id=11b39d8b-b644-4e41-ac36-b88aceaf3e52, timestamp: 2026-03-07T18:04:19.065Z} @ https://dashboard.powerclubglobal.com/assets/index-Ccq6DXzw.js:659
[ 5187547ms] [ERROR] WebSocket connection to 'wss://dashboard.powerclubglobal.com/api/tasks/stream/ws?project_id=00000000-0000-0000-0000-000000000001' failed: Error during WebSocket handshake: Unexpected response code: 502 @ https://dashboard.powerclubglobal.com/assets/project-tasks-CeeYSht9.js:189
[ 5188007ms] [ERROR] Failed to load resource: the server responded with a status of 502 () @ https://dashboard.powerclubglobal.com/api/task-attempts?task_id=11b39d8b-b644-4e41-ac36-b88aceaf3e52:0
[ 5188007ms] [ERROR] [API Error] {message: Request failed with status 502, status: 502, response: Response, endpoint: https://dashboard.powerclubglobal.com/api/task-attempts?task_id=11b39d8b-b644-4e41-ac36-b88aceaf3e52, timestamp: 2026-03-07T18:04:21.538Z} @ https://dashboard.powerclubglobal.com/assets/index-Ccq6DXzw.js:659
[ 5192385ms] [ERROR] Failed to load resource: the server responded with a status of 502 () @ https://dashboard.powerclubglobal.com/api/task-attempts?task_id=11b39d8b-b644-4e41-ac36-b88aceaf3e52:0
[ 5192386ms] [ERROR] [API Error] {message: Request failed with status 502, status: 502, response: Response, endpoint: https://dashboard.powerclubglobal.com/api/task-attempts?task_id=11b39d8b-b644-4e41-ac36-b88aceaf3e52, timestamp: 2026-03-07T18:04:25.917Z} @ https://dashboard.powerclubglobal.com/assets/index-Ccq6DXzw.js:659
[ 5198061ms] [ERROR] Failed to load resource: the server responded with a status of 502 () @ https://dashboard.powerclubglobal.com/api/task-attempts?task_id=11b39d8b-b644-4e41-ac36-b88aceaf3e52:0
[ 5198063ms] [ERROR] [API Error] {message: Request failed with status 502, status: 502, response: Response, endpoint: https://dashboard.powerclubglobal.com/api/task-attempts?task_id=11b39d8b-b644-4e41-ac36-b88aceaf3e52, timestamp: 2026-03-07T18:04:31.593Z} @ https://dashboard.powerclubglobal.com/assets/index-Ccq6DXzw.js:659
[ 5199413ms] [ERROR] Failed to load resource: the server responded with a status of 502 () @ https://dashboard.powerclubglobal.com/api/task-attempts?task_id=11b39d8b-b644-4e41-ac36-b88aceaf3e52:0
[ 5199414ms] [ERROR] [API Error] {message: Request failed with status 502, status: 502, response: Response, endpoint: https://dashboard.powerclubglobal.com/api/task-attempts?task_id=11b39d8b-b644-4e41-ac36-b88aceaf3e52, timestamp: 2026-03-07T18:04:32.945Z} @ https://dashboard.powerclubglobal.com/assets/index-Ccq6DXzw.js:659
[ 5201519ms] [ERROR] WebSocket connection to 'wss://dashboard.powerclubglobal.com/api/tasks/stream/ws?project_id=00000000-0000-0000-0000-000000000001' failed: Error during WebSocket handshake: Unexpected response code: 502 @ https://dashboard.powerclubglobal.com/assets/project-tasks-CeeYSht9.js:189
[ 5201954ms] [ERROR] Failed to load resource: the server responded with a status of 502 () @ https://dashboard.powerclubglobal.com/api/task-attempts?task_id=11b39d8b-b644-4e41-ac36-b88aceaf3e52:0
[ 5201955ms] [ERROR] [API Error] {message: Request failed with status 502, status: 502, response: Response, endpoint: https://dashboard.powerclubglobal.com/api/task-attempts?task_id=11b39d8b-b644-4e41-ac36-b88aceaf3e52, timestamp: 2026-03-07T18:04:35.485Z} @ https://dashboard.powerclubglobal.com/assets/index-Ccq6DXzw.js:659
[ 5206710ms] [ERROR] Failed to load resource: the server responded with a status of 502 () @ https://dashboard.powerclubglobal.com/api/task-attempts?task_id=11b39d8b-b644-4e41-ac36-b88aceaf3e52:0
[ 5206711ms] [ERROR] [API Error] {message: Request failed with status 502, status: 502, response: Response, endpoint: https://dashboard.powerclubglobal.com/api/task-attempts?task_id=11b39d8b-b644-4e41-ac36-b88aceaf3e52, timestamp: 2026-03-07T18:04:40.241Z} @ https://dashboard.powerclubglobal.com/assets/index-Ccq6DXzw.js:659
[ 5212162ms] [ERROR] Failed to load resource: the server responded with a status of 502 () @ https://dashboard.powerclubglobal.com/api/task-attempts?task_id=11b39d8b-b644-4e41-ac36-b88aceaf3e52:0
[ 5212163ms] [ERROR] [API Error] {message: Request failed with status 502, status: 502, response: Response, endpoint: https://dashboard.powerclubglobal.com/api/task-attempts?task_id=11b39d8b-b644-4e41-ac36-b88aceaf3e52, timestamp: 2026-03-07T18:04:45.693Z} @ https://dashboard.powerclubglobal.com/assets/index-Ccq6DXzw.js:659
[ 5213776ms] [ERROR] Failed to load resource: the server responded with a status of 502 () @ https://dashboard.powerclubglobal.com/api/task-attempts?task_id=11b39d8b-b644-4e41-ac36-b88aceaf3e52:0
[ 5213777ms] [ERROR] [API Error] {message: Request failed with status 502, status: 502, response: Response, endpoint: https://dashboard.powerclubglobal.com/api/task-attempts?task_id=11b39d8b-b644-4e41-ac36-b88aceaf3e52, timestamp: 2026-03-07T18:04:47.308Z} @ https://dashboard.powerclubglobal.com/assets/index-Ccq6DXzw.js:659
[ 5214891ms] [ERROR] WebSocket connection to 'wss://dashboard.powerclubglobal.com/api/tasks/stream/ws?project_id=00000000-0000-0000-0000-000000000001' failed: Error during WebSocket handshake: Unexpected response code: 502 @ https://dashboard.powerclubglobal.com/assets/project-tasks-CeeYSht9.js:189
[ 5216271ms] [ERROR] Failed to load resource: the server responded with a status of 502 () @ https://dashboard.powerclubglobal.com/api/task-attempts?task_id=11b39d8b-b644-4e41-ac36-b88aceaf3e52:0
[ 5216272ms] [ERROR] [API Error] {message: Request failed with status 502, status: 502, response: Response, endpoint: https://dashboard.powerclubglobal.com/api/task-attempts?task_id=11b39d8b-b644-4e41-ac36-b88aceaf3e52, timestamp: 2026-03-07T18:04:49.802Z} @ https://dashboard.powerclubglobal.com/assets/index-Ccq6DXzw.js:659
[ 5221105ms] [ERROR] Failed to load resource: the server responded with a status of 502 () @ https://dashboard.powerclubglobal.com/api/task-attempts?task_id=11b39d8b-b644-4e41-ac36-b88aceaf3e52:0
[ 5221105ms] [ERROR] [API Error] {message: Request failed with status 502, status: 502, response: Response, endpoint: https://dashboard.powerclubglobal.com/api/task-attempts?task_id=11b39d8b-b644-4e41-ac36-b88aceaf3e52, timestamp: 2026-03-07T18:04:54.636Z} @ https://dashboard.powerclubglobal.com/assets/index-Ccq6DXzw.js:659
[ 5226777ms] [ERROR] Failed to load resource: the server responded with a status of 502 () @ https://dashboard.powerclubglobal.com/api/task-attempts?task_id=11b39d8b-b644-4e41-ac36-b88aceaf3e52:0
[ 5226777ms] [ERROR] [API Error] {message: Request failed with status 502, status: 502, response: Response, endpoint: https://dashboard.powerclubglobal.com/api/task-attempts?task_id=11b39d8b-b644-4e41-ac36-b88aceaf3e52, timestamp: 2026-03-07T18:05:00.308Z} @ https://dashboard.powerclubglobal.com/assets/index-Ccq6DXzw.js:659
[ 5228242ms] [ERROR] Failed to load resource: the server responded with a status of 502 () @ https://dashboard.powerclubglobal.com/api/task-attempts?task_id=11b39d8b-b644-4e41-ac36-b88aceaf3e52:0
[ 5228242ms] [ERROR] [API Error] {message: Request failed with status 502, status: 502, response: Response, endpoint: https://dashboard.powerclubglobal.com/api/task-attempts?task_id=11b39d8b-b644-4e41-ac36-b88aceaf3e52, timestamp: 2026-03-07T18:05:01.773Z} @ https://dashboard.powerclubglobal.com/assets/index-Ccq6DXzw.js:659
[ 5230706ms] [ERROR] Failed to load resource: the server responded with a status of 502 () @ https://dashboard.powerclubglobal.com/api/task-attempts?task_id=11b39d8b-b644-4e41-ac36-b88aceaf3e52:0
[ 5230707ms] [ERROR] [API Error] {message: Request failed with status 502, status: 502, response: Response, endpoint: https://dashboard.powerclubglobal.com/api/task-attempts?task_id=11b39d8b-b644-4e41-ac36-b88aceaf3e52, timestamp: 2026-03-07T18:05:04.237Z} @ https://dashboard.powerclubglobal.com/assets/index-Ccq6DXzw.js:659
[ 5230721ms] [ERROR] WebSocket connection to 'wss://dashboard.powerclubglobal.com/api/tasks/stream/ws?project_id=00000000-0000-0000-0000-000000000001' failed: Error during WebSocket handshake: Unexpected response code: 502 @ https://dashboard.powerclubglobal.com/assets/project-tasks-CeeYSht9.js:189
[ 5235065ms] [ERROR] Failed to load resource: the server responded with a status of 502 () @ https://dashboard.powerclubglobal.com/api/task-attempts?task_id=11b39d8b-b644-4e41-ac36-b88aceaf3e52:0
[ 5235070ms] [ERROR] [API Error] {message: Request failed with status 502, status: 502, response: Response, endpoint: https://dashboard.powerclubglobal.com/api/task-attempts?task_id=11b39d8b-b644-4e41-ac36-b88aceaf3e52, timestamp: 2026-03-07T18:05:08.600Z} @ https://dashboard.powerclubglobal.com/assets/index-Ccq6DXzw.js:659
[ 5240873ms] [ERROR] Failed to load resource: the server responded with a status of 502 () @ https://dashboard.powerclubglobal.com/api/task-attempts?task_id=11b39d8b-b644-4e41-ac36-b88aceaf3e52:0
[ 5240874ms] [ERROR] [API Error] {message: Request failed with status 502, status: 502, response: Response, endpoint: https://dashboard.powerclubglobal.com/api/task-attempts?task_id=11b39d8b-b644-4e41-ac36-b88aceaf3e52, timestamp: 2026-03-07T18:05:14.404Z} @ https://dashboard.powerclubglobal.com/assets/index-Ccq6DXzw.js:659
[ 5242776ms] [ERROR] Failed to load resource: the server responded with a status of 502 () @ https://dashboard.powerclubglobal.com/api/task-attempts?task_id=11b39d8b-b644-4e41-ac36-b88aceaf3e52:0
[ 5242777ms] [ERROR] [API Error] {message: Request failed with status 502, status: 502, response: Response, endpoint: https://dashboard.powerclubglobal.com/api/task-attempts?task_id=11b39d8b-b644-4e41-ac36-b88aceaf3e52, timestamp: 2026-03-07T18:05:16.308Z} @ https://dashboard.powerclubglobal.com/assets/index-Ccq6DXzw.js:659
[ 5244033ms] [ERROR] WebSocket connection to 'wss://dashboard.powerclubglobal.com/api/tasks/stream/ws?project_id=00000000-0000-0000-0000-000000000001' failed: Error during WebSocket handshake: Unexpected response code: 502 @ https://dashboard.powerclubglobal.com/assets/project-tasks-CeeYSht9.js:189
[ 5245128ms] [ERROR] Failed to load resource: the server responded with a status of 502 () @ https://dashboard.powerclubglobal.com/api/task-attempts?task_id=11b39d8b-b644-4e41-ac36-b88aceaf3e52:0
[ 5245129ms] [ERROR] [API Error] {message: Request failed with status 502, status: 502, response: Response, endpoint: https://dashboard.powerclubglobal.com/api/task-attempts?task_id=11b39d8b-b644-4e41-ac36-b88aceaf3e52, timestamp: 2026-03-07T18:05:18.660Z} @ https://dashboard.powerclubglobal.com/assets/index-Ccq6DXzw.js:659
[ 5251105ms] [ERROR] Failed to load resource: the server responded with a status of 502 () @ https://dashboard.powerclubglobal.com/api/task-attempts?task_id=11b39d8b-b644-4e41-ac36-b88aceaf3e52:0
[ 5251105ms] [ERROR] [API Error] {message: Request failed with status 502, status: 502, response: Response, endpoint: https://dashboard.powerclubglobal.com/api/task-attempts?task_id=11b39d8b-b644-4e41-ac36-b88aceaf3e52, timestamp: 2026-03-07T18:05:24.636Z} @ https://dashboard.powerclubglobal.com/assets/index-Ccq6DXzw.js:659
[ 5255333ms] [ERROR] WebSocket connection to 'wss://dashboard.powerclubglobal.com/api/tasks/stream/ws?project_id=00000000-0000-0000-0000-000000000001' failed: Error during WebSocket handshake: Unexpected response code: 502 @ https://dashboard.powerclubglobal.com/assets/project-tasks-CeeYSht9.js:189
[ 5256462ms] [ERROR] Failed to load resource: the server responded with a status of 502 () @ https://dashboard.powerclubglobal.com/api/task-attempts?task_id=11b39d8b-b644-4e41-ac36-b88aceaf3e52:0
[ 5256462ms] [ERROR] [API Error] {message: Request failed with status 502, status: 502, response: Response, endpoint: https://dashboard.powerclubglobal.com/api/task-attempts?task_id=11b39d8b-b644-4e41-ac36-b88aceaf3e52, timestamp: 2026-03-07T18:05:29.993Z} @ https://dashboard.powerclubglobal.com/assets/index-Ccq6DXzw.js:659
[ 5259977ms] [ERROR] Failed to load resource: the server responded with a status of 502 () @ https://dashboard.powerclubglobal.com/api/task-attempts?task_id=11b39d8b-b644-4e41-ac36-b88aceaf3e52:0
[ 5259978ms] [ERROR] [API Error] {message: Request failed with status 502, status: 502, response: Response, endpoint: https://dashboard.powerclubglobal.com/api/task-attempts?task_id=11b39d8b-b644-4e41-ac36-b88aceaf3e52, timestamp: 2026-03-07T18:05:33.509Z} @ https://dashboard.powerclubglobal.com/assets/index-Ccq6DXzw.js:659
[ 5262341ms] [ERROR] Failed to load resource: the server responded with a status of 502 () @ https://dashboard.powerclubglobal.com/api/task-attempts?task_id=11b39d8b-b644-4e41-ac36-b88aceaf3e52:0
[ 5262342ms] [ERROR] [API Error] {message: Request failed with status 502, status: 502, response: Response, endpoint: https://dashboard.powerclubglobal.com/api/task-attempts?task_id=11b39d8b-b644-4e41-ac36-b88aceaf3e52, timestamp: 2026-03-07T18:05:35.872Z} @ https://dashboard.powerclubglobal.com/assets/index-Ccq6DXzw.js:659
[ 5267018ms] [ERROR] Failed to load resource: the server responded with a status of 502 () @ https://dashboard.powerclubglobal.com/api/task-attempts?task_id=11b39d8b-b644-4e41-ac36-b88aceaf3e52:0
[ 5267019ms] [ERROR] [API Error] {message: Request failed with status 502, status: 502, response: Response, endpoint: https://dashboard.powerclubglobal.com/api/task-attempts?task_id=11b39d8b-b644-4e41-ac36-b88aceaf3e52, timestamp: 2026-03-07T18:05:40.549Z} @ https://dashboard.powerclubglobal.com/assets/index-Ccq6DXzw.js:659
[ 5269765ms] [ERROR] WebSocket connection to 'wss://dashboard.powerclubglobal.com/api/tasks/stream/ws?project_id=00000000-0000-0000-0000-000000000001' failed: Error during WebSocket handshake: Unexpected response code: 502 @ https://dashboard.powerclubglobal.com/assets/project-tasks-CeeYSht9.js:189
[ 5273786ms] [ERROR] Failed to load resource: the server responded with a status of 502 () @ https://dashboard.powerclubglobal.com/api/task-attempts?task_id=11b39d8b-b644-4e41-ac36-b88aceaf3e52:0
[ 5273788ms] [ERROR] [API Error] {message: Request failed with status 502, status: 502, response: Response, endpoint: https://dashboard.powerclubglobal.com/api/task-attempts?task_id=11b39d8b-b644-4e41-ac36-b88aceaf3e52, timestamp: 2026-03-07T18:05:47.318Z} @ https://dashboard.powerclubglobal.com/assets/index-Ccq6DXzw.js:659
[ 5275274ms] [ERROR] Failed to load resource: the server responded with a status of 502 () @ https://dashboard.powerclubglobal.com/api/task-attempts?task_id=11b39d8b-b644-4e41-ac36-b88aceaf3e52:0
[ 5275275ms] [ERROR] [API Error] {message: Request failed with status 502, status: 502, response: Response, endpoint: https://dashboard.powerclubglobal.com/api/task-attempts?task_id=11b39d8b-b644-4e41-ac36-b88aceaf3e52, timestamp: 2026-03-07T18:05:48.805Z} @ https://dashboard.powerclubglobal.com/assets/index-Ccq6DXzw.js:659
[ 5277705ms] [ERROR] Failed to load resource: the server responded with a status of 502 () @ https://dashboard.powerclubglobal.com/api/task-attempts?task_id=11b39d8b-b644-4e41-ac36-b88aceaf3e52:0
[ 5277705ms] [ERROR] [API Error] {message: Request failed with status 502, status: 502, response: Response, endpoint: https://dashboard.powerclubglobal.com/api/task-attempts?task_id=11b39d8b-b644-4e41-ac36-b88aceaf3e52, timestamp: 2026-03-07T18:05:51.236Z} @ https://dashboard.powerclubglobal.com/assets/index-Ccq6DXzw.js:659
[ 5282096ms] [ERROR] Failed to load resource: the server responded with a status of 502 () @ https://dashboard.powerclubglobal.com/api/task-attempts?task_id=11b39d8b-b644-4e41-ac36-b88aceaf3e52:0
[ 5282099ms] [ERROR] [API Error] {message: Request failed with status 502, status: 502, response: Response, endpoint: https://dashboard.powerclubglobal.com/api/task-attempts?task_id=11b39d8b-b644-4e41-ac36-b88aceaf3e52, timestamp: 2026-03-07T18:05:55.630Z} @ https://dashboard.powerclubglobal.com/assets/index-Ccq6DXzw.js:659
[ 5283383ms] [ERROR] WebSocket connection to 'wss://dashboard.powerclubglobal.com/api/tasks/stream/ws?project_id=00000000-0000-0000-0000-000000000001' failed: Error during WebSocket handshake: Unexpected response code: 502 @ https://dashboard.powerclubglobal.com/assets/project-tasks-CeeYSht9.js:189
[ 5290796ms] [ERROR] Failed to load resource: the server responded with a status of 502 () @ https://dashboard.powerclubglobal.com/api/task-attempts?task_id=11b39d8b-b644-4e41-ac36-b88aceaf3e52:0
[ 5290797ms] [ERROR] [API Error] {message: Request failed with status 502, status: 502, response: Response, endpoint: https://dashboard.powerclubglobal.com/api/task-attempts?task_id=11b39d8b-b644-4e41-ac36-b88aceaf3e52, timestamp: 2026-03-07T18:06:04.328Z} @ https://dashboard.powerclubglobal.com/assets/index-Ccq6DXzw.js:659
[ 5292242ms] [ERROR] Failed to load resource: the server responded with a status of 502 () @ https://dashboard.powerclubglobal.com/api/task-attempts?task_id=11b39d8b-b644-4e41-ac36-b88aceaf3e52:0
[ 5292242ms] [ERROR] [API Error] {message: Request failed with status 502, status: 502, response: Response, endpoint: https://dashboard.powerclubglobal.com/api/task-attempts?task_id=11b39d8b-b644-4e41-ac36-b88aceaf3e52, timestamp: 2026-03-07T18:06:05.773Z} @ https://dashboard.powerclubglobal.com/assets/index-Ccq6DXzw.js:659
[ 5292372ms] [ERROR] WebSocket connection to 'wss://dashboard.powerclubglobal.com/api/tasks/stream/ws?project_id=00000000-0000-0000-0000-000000000001' failed: Error during WebSocket handshake: Unexpected response code: 502 @ https://dashboard.powerclubglobal.com/assets/project-tasks-CeeYSht9.js:189
[ 5295750ms] [ERROR] Failed to load resource: the server responded with a status of 502 () @ https://dashboard.powerclubglobal.com/api/task-attempts?task_id=11b39d8b-b644-4e41-ac36-b88aceaf3e52:0
[ 5295751ms] [ERROR] [API Error] {message: Request failed with status 502, status: 502, response: Response, endpoint: https://dashboard.powerclubglobal.com/api/task-attempts?task_id=11b39d8b-b644-4e41-ac36-b88aceaf3e52, timestamp: 2026-03-07T18:06:09.282Z} @ https://dashboard.powerclubglobal.com/assets/index-Ccq6DXzw.js:659
[ 5300679ms] [ERROR] Failed to load resource: the server responded with a status of 502 () @ https://dashboard.powerclubglobal.com/api/task-attempts?task_id=11b39d8b-b644-4e41-ac36-b88aceaf3e52:0
[ 5300680ms] [ERROR] [API Error] {message: Request failed with status 502, status: 502, response: Response, endpoint: https://dashboard.powerclubglobal.com/api/task-attempts?task_id=11b39d8b-b644-4e41-ac36-b88aceaf3e52, timestamp: 2026-03-07T18:06:14.211Z} @ https://dashboard.powerclubglobal.com/assets/index-Ccq6DXzw.js:659
[ 5301535ms] [ERROR] WebSocket connection to 'wss://dashboard.powerclubglobal.com/api/tasks/stream/ws?project_id=00000000-0000-0000-0000-000000000001' failed: Error during WebSocket handshake: Unexpected response code: 502 @ https://dashboard.powerclubglobal.com/assets/project-tasks-CeeYSht9.js:189
[ 5306039ms] [ERROR] Failed to load resource: the server responded with a status of 502 () @ https://dashboard.powerclubglobal.com/api/task-attempts?task_id=11b39d8b-b644-4e41-ac36-b88aceaf3e52:0
[ 5306039ms] [ERROR] [API Error] {message: Request failed with status 502, status: 502, response: Response, endpoint: https://dashboard.powerclubglobal.com/api/task-attempts?task_id=11b39d8b-b644-4e41-ac36-b88aceaf3e52, timestamp: 2026-03-07T18:06:19.570Z} @ https://dashboard.powerclubglobal.com/assets/index-Ccq6DXzw.js:659
[ 5307978ms] [ERROR] Failed to load resource: the server responded with a status of 502 () @ https://dashboard.powerclubglobal.com/api/task-attempts?task_id=11b39d8b-b644-4e41-ac36-b88aceaf3e52:0
[ 5307978ms] [ERROR] [API Error] {message: Request failed with status 502, status: 502, response: Response, endpoint: https://dashboard.powerclubglobal.com/api/task-attempts?task_id=11b39d8b-b644-4e41-ac36-b88aceaf3e52, timestamp: 2026-03-07T18:06:21.509Z} @ https://dashboard.powerclubglobal.com/assets/index-Ccq6DXzw.js:659
[ 5310340ms] [ERROR] Failed to load resource: the server responded with a status of 502 () @ https://dashboard.powerclubglobal.com/api/task-attempts?task_id=11b39d8b-b644-4e41-ac36-b88aceaf3e52:0
[ 5310341ms] [ERROR] [API Error] {message: Request failed with status 502, status: 502, response: Response, endpoint: https://dashboard.powerclubglobal.com/api/task-attempts?task_id=11b39d8b-b644-4e41-ac36-b88aceaf3e52, timestamp: 2026-03-07T18:06:23.871Z} @ https://dashboard.powerclubglobal.com/assets/index-Ccq6DXzw.js:659
[ 5310927ms] [ERROR] WebSocket connection to 'wss://dashboard.powerclubglobal.com/api/tasks/stream/ws?project_id=00000000-0000-0000-0000-000000000001' failed: Error during WebSocket handshake: Unexpected response code: 502 @ https://dashboard.powerclubglobal.com/assets/project-tasks-CeeYSht9.js:189
[ 5314695ms] [ERROR] Failed to load resource: the server responded with a status of 502 () @ https://dashboard.powerclubglobal.com/api/task-attempts?task_id=11b39d8b-b644-4e41-ac36-b88aceaf3e52:0
[ 5314696ms] [ERROR] [API Error] {message: Request failed with status 502, status: 502, response: Response, endpoint: https://dashboard.powerclubglobal.com/api/task-attempts?task_id=11b39d8b-b644-4e41-ac36-b88aceaf3e52, timestamp: 2026-03-07T18:06:28.226Z} @ https://dashboard.powerclubglobal.com/assets/index-Ccq6DXzw.js:659
[ 5320056ms] [ERROR] Failed to load resource: the server responded with a status of 502 () @ https://dashboard.powerclubglobal.com/api/task-attempts?task_id=11b39d8b-b644-4e41-ac36-b88aceaf3e52:0
[ 5320056ms] [ERROR] [API Error] {message: Request failed with status 502, status: 502, response: Response, endpoint: https://dashboard.powerclubglobal.com/api/task-attempts?task_id=11b39d8b-b644-4e41-ac36-b88aceaf3e52, timestamp: 2026-03-07T18:06:33.587Z} @ https://dashboard.powerclubglobal.com/assets/index-Ccq6DXzw.js:659
[ 5321073ms] [ERROR] WebSocket connection to 'wss://dashboard.powerclubglobal.com/api/tasks/stream/ws?project_id=00000000-0000-0000-0000-000000000001' failed: Error during WebSocket handshake: Unexpected response code: 502 @ https://dashboard.powerclubglobal.com/assets/project-tasks-CeeYSht9.js:189
[ 5321430ms] [ERROR] Failed to load resource: the server responded with a status of 502 () @ https://dashboard.powerclubglobal.com/api/task-attempts?task_id=11b39d8b-b644-4e41-ac36-b88aceaf3e52:0
[ 5321430ms] [ERROR] [API Error] {message: Request failed with status 502, status: 502, response: Response, endpoint: https://dashboard.powerclubglobal.com/api/task-attempts?task_id=11b39d8b-b644-4e41-ac36-b88aceaf3e52, timestamp: 2026-03-07T18:06:34.961Z} @ https://dashboard.powerclubglobal.com/assets/index-Ccq6DXzw.js:659
[ 5323978ms] [ERROR] Failed to load resource: the server responded with a status of 502 () @ https://dashboard.powerclubglobal.com/api/task-attempts?task_id=11b39d8b-b644-4e41-ac36-b88aceaf3e52:0
[ 5323978ms] [ERROR] [API Error] {message: Request failed with status 502, status: 502, response: Response, endpoint: https://dashboard.powerclubglobal.com/api/task-attempts?task_id=11b39d8b-b644-4e41-ac36-b88aceaf3e52, timestamp: 2026-03-07T18:06:37.509Z} @ https://dashboard.powerclubglobal.com/assets/index-Ccq6DXzw.js:659
[ 5329932ms] [ERROR] Failed to load resource: the server responded with a status of 502 () @ https://dashboard.powerclubglobal.com/api/task-attempts?task_id=11b39d8b-b644-4e41-ac36-b88aceaf3e52:0
[ 5329933ms] [ERROR] [API Error] {message: Request failed with status 502, status: 502, response: Response, endpoint: https://dashboard.powerclubglobal.com/api/task-attempts?task_id=11b39d8b-b644-4e41-ac36-b88aceaf3e52, timestamp: 2026-03-07T18:06:43.464Z} @ https://dashboard.powerclubglobal.com/assets/index-Ccq6DXzw.js:659
[ 5331201ms] [ERROR] WebSocket connection to 'wss://dashboard.powerclubglobal.com/api/tasks/stream/ws?project_id=00000000-0000-0000-0000-000000000001' failed: Error during WebSocket handshake: Unexpected response code: 502 @ https://dashboard.powerclubglobal.com/assets/project-tasks-CeeYSht9.js:189
[ 5339776ms] [ERROR] Failed to load resource: the server responded with a status of 502 () @ https://dashboard.powerclubglobal.com/api/task-attempts?task_id=11b39d8b-b644-4e41-ac36-b88aceaf3e52:0
[ 5339777ms] [ERROR] [API Error] {message: Request failed with status 502, status: 502, response: Response, endpoint: https://dashboard.powerclubglobal.com/api/task-attempts?task_id=11b39d8b-b644-4e41-ac36-b88aceaf3e52, timestamp: 2026-03-07T18:06:53.307Z} @ https://dashboard.powerclubglobal.com/assets/index-Ccq6DXzw.js:659
[ 5341192ms] [ERROR] Failed to load resource: the server responded with a status of 502 () @ https://dashboard.powerclubglobal.com/api/task-attempts?task_id=11b39d8b-b644-4e41-ac36-b88aceaf3e52:0
[ 5341193ms] [ERROR] [API Error] {message: Request failed with status 502, status: 502, response: Response, endpoint: https://dashboard.powerclubglobal.com/api/task-attempts?task_id=11b39d8b-b644-4e41-ac36-b88aceaf3e52, timestamp: 2026-03-07T18:06:54.724Z} @ https://dashboard.powerclubglobal.com/assets/index-Ccq6DXzw.js:659
[ 5343864ms] [ERROR] Failed to load resource: the server responded with a status of 502 () @ https://dashboard.powerclubglobal.com/api/task-attempts?task_id=11b39d8b-b644-4e41-ac36-b88aceaf3e52:0
[ 5343864ms] [ERROR] [API Error] {message: Request failed with status 502, status: 502, response: Response, endpoint: https://dashboard.powerclubglobal.com/api/task-attempts?task_id=11b39d8b-b644-4e41-ac36-b88aceaf3e52, timestamp: 2026-03-07T18:06:57.395Z} @ https://dashboard.powerclubglobal.com/assets/index-Ccq6DXzw.js:659
[ 5345321ms] [ERROR] WebSocket connection to 'wss://dashboard.powerclubglobal.com/api/tasks/stream/ws?project_id=00000000-0000-0000-0000-000000000001' failed: Error during WebSocket handshake: Unexpected response code: 502 @ https://dashboard.powerclubglobal.com/assets/project-tasks-CeeYSht9.js:189
[ 5349775ms] [ERROR] Failed to load resource: the server responded with a status of 502 () @ https://dashboard.powerclubglobal.com/api/task-attempts?task_id=11b39d8b-b644-4e41-ac36-b88aceaf3e52:0
[ 5349776ms] [ERROR] [API Error] {message: Request failed with status 502, status: 502, response: Response, endpoint: https://dashboard.powerclubglobal.com/api/task-attempts?task_id=11b39d8b-b644-4e41-ac36-b88aceaf3e52, timestamp: 2026-03-07T18:07:03.306Z} @ https://dashboard.powerclubglobal.com/assets/index-Ccq6DXzw.js:659
[ 5355134ms] [ERROR] Failed to load resource: the server responded with a status of 502 () @ https://dashboard.powerclubglobal.com/api/task-attempts?task_id=11b39d8b-b644-4e41-ac36-b88aceaf3e52:0
[ 5355134ms] [ERROR] [API Error] {message: Request failed with status 502, status: 502, response: Response, endpoint: https://dashboard.powerclubglobal.com/api/task-attempts?task_id=11b39d8b-b644-4e41-ac36-b88aceaf3e52, timestamp: 2026-03-07T18:07:08.664Z} @ https://dashboard.powerclubglobal.com/assets/index-Ccq6DXzw.js:659
[ 5356110ms] [ERROR] WebSocket connection to 'wss://dashboard.powerclubglobal.com/api/tasks/stream/ws?project_id=00000000-0000-0000-0000-000000000001' failed: Error during WebSocket handshake: Unexpected response code: 502 @ https://dashboard.powerclubglobal.com/assets/project-tasks-CeeYSht9.js:189
[ 5356551ms] [ERROR] Failed to load resource: the server responded with a status of 502 () @ https://dashboard.powerclubglobal.com/api/task-attempts?task_id=11b39d8b-b644-4e41-ac36-b88aceaf3e52:0
[ 5356551ms] [ERROR] [API Error] {message: Request failed with status 502, status: 502, response: Response, endpoint: https://dashboard.powerclubglobal.com/api/task-attempts?task_id=11b39d8b-b644-4e41-ac36-b88aceaf3e52, timestamp: 2026-03-07T18:07:10.082Z} @ https://dashboard.powerclubglobal.com/assets/index-Ccq6DXzw.js:659
[ 5360087ms] [ERROR] Failed to load resource: the server responded with a status of 502 () @ https://dashboard.powerclubglobal.com/api/task-attempts?task_id=11b39d8b-b644-4e41-ac36-b88aceaf3e52:0
[ 5360087ms] [ERROR] [API Error] {message: Request failed with status 502, status: 502, response: Response, endpoint: https://dashboard.powerclubglobal.com/api/task-attempts?task_id=11b39d8b-b644-4e41-ac36-b88aceaf3e52, timestamp: 2026-03-07T18:07:13.618Z} @ https://dashboard.powerclubglobal.com/assets/index-Ccq6DXzw.js:659
[ 5366159ms] [ERROR] Failed to load resource: the server responded with a status of 502 () @ https://dashboard.powerclubglobal.com/api/task-attempts?task_id=11b39d8b-b644-4e41-ac36-b88aceaf3e52:0
[ 5366160ms] [ERROR] [API Error] {message: Request failed with status 502, status: 502, response: Response, endpoint: https://dashboard.powerclubglobal.com/api/task-attempts?task_id=11b39d8b-b644-4e41-ac36-b88aceaf3e52, timestamp: 2026-03-07T18:07:19.691Z} @ https://dashboard.powerclubglobal.com/assets/index-Ccq6DXzw.js:659
[ 5371102ms] [ERROR] WebSocket connection to 'wss://dashboard.powerclubglobal.com/api/tasks/stream/ws?project_id=00000000-0000-0000-0000-000000000001' failed: Error during WebSocket handshake: Unexpected response code: 502 @ https://dashboard.powerclubglobal.com/assets/project-tasks-CeeYSht9.js:189
[ 5371972ms] [ERROR] Failed to load resource: the server responded with a status of 502 () @ https://dashboard.powerclubglobal.com/api/task-attempts?task_id=11b39d8b-b644-4e41-ac36-b88aceaf3e52:0
[ 5371973ms] [ERROR] [API Error] {message: Request failed with status 502, status: 502, response: Response, endpoint: https://dashboard.powerclubglobal.com/api/task-attempts?task_id=11b39d8b-b644-4e41-ac36-b88aceaf3e52, timestamp: 2026-03-07T18:07:25.504Z} @ https://dashboard.powerclubglobal.com/assets/index-Ccq6DXzw.js:659
[ 5373342ms] [ERROR] Failed to load resource: the server responded with a status of 502 () @ https://dashboard.powerclubglobal.com/api/task-attempts?task_id=11b39d8b-b644-4e41-ac36-b88aceaf3e52:0
[ 5373343ms] [ERROR] [API Error] {message: Request failed with status 502, status: 502, response: Response, endpoint: https://dashboard.powerclubglobal.com/api/task-attempts?task_id=11b39d8b-b644-4e41-ac36-b88aceaf3e52, timestamp: 2026-03-07T18:07:26.873Z} @ https://dashboard.powerclubglobal.com/assets/index-Ccq6DXzw.js:659
[ 5375706ms] [ERROR] Failed to load resource: the server responded with a status of 502 () @ https://dashboard.powerclubglobal.com/api/task-attempts?task_id=11b39d8b-b644-4e41-ac36-b88aceaf3e52:0
[ 5375707ms] [ERROR] [API Error] {message: Request failed with status 502, status: 502, response: Response, endpoint: https://dashboard.powerclubglobal.com/api/task-attempts?task_id=11b39d8b-b644-4e41-ac36-b88aceaf3e52, timestamp: 2026-03-07T18:07:29.238Z} @ https://dashboard.powerclubglobal.com/assets/index-Ccq6DXzw.js:659
[ 5380079ms] [ERROR] Failed to load resource: the server responded with a status of 502 () @ https://dashboard.powerclubglobal.com/api/task-attempts?task_id=11b39d8b-b644-4e41-ac36-b88aceaf3e52:0
[ 5380080ms] [ERROR] [API Error] {message: Request failed with status 502, status: 502, response: Response, endpoint: https://dashboard.powerclubglobal.com/api/task-attempts?task_id=11b39d8b-b644-4e41-ac36-b88aceaf3e52, timestamp: 2026-03-07T18:07:33.610Z} @ https://dashboard.powerclubglobal.com/assets/index-Ccq6DXzw.js:659
[ 5383671ms] [ERROR] WebSocket connection to 'wss://dashboard.powerclubglobal.com/api/tasks/stream/ws?project_id=00000000-0000-0000-0000-000000000001' failed: Error during WebSocket handshake: Unexpected response code: 502 @ https://dashboard.powerclubglobal.com/assets/project-tasks-CeeYSht9.js:189
[ 5387977ms] [ERROR] Failed to load resource: the server responded with a status of 502 () @ https://dashboard.powerclubglobal.com/api/task-attempts?task_id=11b39d8b-b644-4e41-ac36-b88aceaf3e52:0
[ 5387979ms] [ERROR] [API Error] {message: Request failed with status 502, status: 502, response: Response, endpoint: https://dashboard.powerclubglobal.com/api/task-attempts?task_id=11b39d8b-b644-4e41-ac36-b88aceaf3e52, timestamp: 2026-03-07T18:07:41.509Z} @ https://dashboard.powerclubglobal.com/assets/index-Ccq6DXzw.js:659
[ 5389939ms] [ERROR] Failed to load resource: the server responded with a status of 502 () @ https://dashboard.powerclubglobal.com/api/task-attempts?task_id=11b39d8b-b644-4e41-ac36-b88aceaf3e52:0
[ 5389940ms] [ERROR] [API Error] {message: Request failed with status 502, status: 502, response: Response, endpoint: https://dashboard.powerclubglobal.com/api/task-attempts?task_id=11b39d8b-b644-4e41-ac36-b88aceaf3e52, timestamp: 2026-03-07T18:07:43.470Z} @ https://dashboard.powerclubglobal.com/assets/index-Ccq6DXzw.js:659
[ 5394219ms] [ERROR] Failed to load resource: the server responded with a status of 502 () @ https://dashboard.powerclubglobal.com/api/task-attempts?task_id=11b39d8b-b644-4e41-ac36-b88aceaf3e52:0
[ 5394220ms] [ERROR] [API Error] {message: Request failed with status 502, status: 502, response: Response, endpoint: https://dashboard.powerclubglobal.com/api/task-attempts?task_id=11b39d8b-b644-4e41-ac36-b88aceaf3e52, timestamp: 2026-03-07T18:07:47.751Z} @ https://dashboard.powerclubglobal.com/assets/index-Ccq6DXzw.js:659
[ 5395677ms] [ERROR] WebSocket connection to 'wss://dashboard.powerclubglobal.com/api/tasks/stream/ws?project_id=00000000-0000-0000-0000-000000000001' failed: Error during WebSocket handshake: Unexpected response code: 502 @ https://dashboard.powerclubglobal.com/assets/project-tasks-CeeYSht9.js:189
[ 5398901ms] [ERROR] Failed to load resource: the server responded with a status of 502 () @ https://dashboard.powerclubglobal.com/api/task-attempts?task_id=11b39d8b-b644-4e41-ac36-b88aceaf3e52:0
[ 5398903ms] [ERROR] [API Error] {message: Request failed with status 502, status: 502, response: Response, endpoint: https://dashboard.powerclubglobal.com/api/task-attempts?task_id=11b39d8b-b644-4e41-ac36-b88aceaf3e52, timestamp: 2026-03-07T18:07:52.434Z} @ https://dashboard.powerclubglobal.com/assets/index-Ccq6DXzw.js:659
[ 5404255ms] [ERROR] Failed to load resource: the server responded with a status of 502 () @ https://dashboard.powerclubglobal.com/api/task-attempts?task_id=11b39d8b-b644-4e41-ac36-b88aceaf3e52:0
[ 5404255ms] [ERROR] [API Error] {message: Request failed with status 502, status: 502, response: Response, endpoint: https://dashboard.powerclubglobal.com/api/task-attempts?task_id=11b39d8b-b644-4e41-ac36-b88aceaf3e52, timestamp: 2026-03-07T18:07:57.786Z} @ https://dashboard.powerclubglobal.com/assets/index-Ccq6DXzw.js:659
[ 5404561ms] [ERROR] WebSocket connection to 'wss://dashboard.powerclubglobal.com/api/tasks/stream/ws?project_id=00000000-0000-0000-0000-000000000001' failed: Error during WebSocket handshake: Unexpected response code: 502 @ https://dashboard.powerclubglobal.com/assets/project-tasks-CeeYSht9.js:189
[ 5411234ms] [ERROR] Failed to load resource: the server responded with a status of 502 () @ https://dashboard.powerclubglobal.com/api/task-attempts?task_id=11b39d8b-b644-4e41-ac36-b88aceaf3e52:0
[ 5411234ms] [ERROR] [API Error] {message: Request failed with status 502, status: 502, response: Response, endpoint: https://dashboard.powerclubglobal.com/api/task-attempts?task_id=11b39d8b-b644-4e41-ac36-b88aceaf3e52, timestamp: 2026-03-07T18:08:04.764Z} @ https://dashboard.powerclubglobal.com/assets/index-Ccq6DXzw.js:659
[ 5413420ms] [ERROR] WebSocket connection to 'wss://dashboard.powerclubglobal.com/api/tasks/stream/ws?project_id=00000000-0000-0000-0000-000000000001' failed: Error during WebSocket handshake: Unexpected response code: 502 @ https://dashboard.powerclubglobal.com/assets/project-tasks-CeeYSht9.js:189
[ 5413591ms] [ERROR] Failed to load resource: the server responded with a status of 502 () @ https://dashboard.powerclubglobal.com/api/task-attempts?task_id=11b39d8b-b644-4e41-ac36-b88aceaf3e52:0
[ 5413592ms] [ERROR] [API Error] {message: Request failed with status 502, status: 502, response: Response, endpoint: https://dashboard.powerclubglobal.com/api/task-attempts?task_id=11b39d8b-b644-4e41-ac36-b88aceaf3e52, timestamp: 2026-03-07T18:08:07.123Z} @ https://dashboard.powerclubglobal.com/assets/index-Ccq6DXzw.js:659
[ 5417989ms] [ERROR] Failed to load resource: the server responded with a status of 502 () @ https://dashboard.powerclubglobal.com/api/task-attempts?task_id=11b39d8b-b644-4e41-ac36-b88aceaf3e52:0
[ 5417990ms] [ERROR] [API Error] {message: Request failed with status 502, status: 502, response: Response, endpoint: https://dashboard.powerclubglobal.com/api/task-attempts?task_id=11b39d8b-b644-4e41-ac36-b88aceaf3e52, timestamp: 2026-03-07T18:08:11.520Z} @ https://dashboard.powerclubglobal.com/assets/index-Ccq6DXzw.js:659
[ 5422813ms] [ERROR] WebSocket connection to 'wss://dashboard.powerclubglobal.com/api/tasks/stream/ws?project_id=00000000-0000-0000-0000-000000000001' failed: Error during WebSocket handshake: Unexpected response code: 502 @ https://dashboard.powerclubglobal.com/assets/project-tasks-CeeYSht9.js:189
[ 5426166ms] [ERROR] Failed to load resource: the server responded with a status of 502 () @ https://dashboard.powerclubglobal.com/api/task-attempts?task_id=11b39d8b-b644-4e41-ac36-b88aceaf3e52:0
[ 5426168ms] [ERROR] [API Error] {message: Request failed with status 502, status: 502, response: Response, endpoint: https://dashboard.powerclubglobal.com/api/task-attempts?task_id=11b39d8b-b644-4e41-ac36-b88aceaf3e52, timestamp: 2026-03-07T18:08:19.698Z} @ https://dashboard.powerclubglobal.com/assets/index-Ccq6DXzw.js:659
[ 5429506ms] [ERROR] Failed to load resource: the server responded with a status of 502 () @ https://dashboard.powerclubglobal.com/api/task-attempts?task_id=11b39d8b-b644-4e41-ac36-b88aceaf3e52:0
[ 5429507ms] [ERROR] [API Error] {message: Request failed with status 502, status: 502, response: Response, endpoint: https://dashboard.powerclubglobal.com/api/task-attempts?task_id=11b39d8b-b644-4e41-ac36-b88aceaf3e52, timestamp: 2026-03-07T18:08:23.037Z} @ https://dashboard.powerclubglobal.com/assets/index-Ccq6DXzw.js:659
[ 5431824ms] [ERROR] WebSocket connection to 'wss://dashboard.powerclubglobal.com/api/tasks/stream/ws?project_id=00000000-0000-0000-0000-000000000001' failed: Error during WebSocket handshake: Unexpected response code: 502 @ https://dashboard.powerclubglobal.com/assets/project-tasks-CeeYSht9.js:189
[ 5431865ms] [ERROR] Failed to load resource: the server responded with a status of 502 () @ https://dashboard.powerclubglobal.com/api/task-attempts?task_id=11b39d8b-b644-4e41-ac36-b88aceaf3e52:0
[ 5431866ms] [ERROR] [API Error] {message: Request failed with status 502, status: 502, response: Response, endpoint: https://dashboard.powerclubglobal.com/api/task-attempts?task_id=11b39d8b-b644-4e41-ac36-b88aceaf3e52, timestamp: 2026-03-07T18:08:25.396Z} @ https://dashboard.powerclubglobal.com/assets/index-Ccq6DXzw.js:659
[ 5436312ms] [ERROR] Failed to load resource: the server responded with a status of 502 () @ https://dashboard.powerclubglobal.com/api/task-attempts?task_id=11b39d8b-b644-4e41-ac36-b88aceaf3e52:0
[ 5436313ms] [ERROR] [API Error] {message: Request failed with status 502, status: 502, response: Response, endpoint: https://dashboard.powerclubglobal.com/api/task-attempts?task_id=11b39d8b-b644-4e41-ac36-b88aceaf3e52, timestamp: 2026-03-07T18:08:29.843Z} @ https://dashboard.powerclubglobal.com/assets/index-Ccq6DXzw.js:659
[ 5440839ms] [ERROR] WebSocket connection to 'wss://dashboard.powerclubglobal.com/api/tasks/stream/ws?project_id=00000000-0000-0000-0000-000000000001' failed: Error during WebSocket handshake: Unexpected response code: 502 @ https://dashboard.powerclubglobal.com/assets/project-tasks-CeeYSht9.js:189
[ 5441755ms] [ERROR] Failed to load resource: the server responded with a status of 502 () @ https://dashboard.powerclubglobal.com/api/task-attempts?task_id=11b39d8b-b644-4e41-ac36-b88aceaf3e52:0
[ 5441756ms] [ERROR] [API Error] {message: Request failed with status 502, status: 502, response: Response, endpoint: https://dashboard.powerclubglobal.com/api/task-attempts?task_id=11b39d8b-b644-4e41-ac36-b88aceaf3e52, timestamp: 2026-03-07T18:08:35.286Z} @ https://dashboard.powerclubglobal.com/assets/index-Ccq6DXzw.js:659
[ 5444904ms] [ERROR] Failed to load resource: the server responded with a status of 502 () @ https://dashboard.powerclubglobal.com/api/task-attempts?task_id=11b39d8b-b644-4e41-ac36-b88aceaf3e52:0
[ 5444904ms] [ERROR] [API Error] {message: Request failed with status 502, status: 502, response: Response, endpoint: https://dashboard.powerclubglobal.com/api/task-attempts?task_id=11b39d8b-b644-4e41-ac36-b88aceaf3e52, timestamp: 2026-03-07T18:08:38.435Z} @ https://dashboard.powerclubglobal.com/assets/index-Ccq6DXzw.js:659
[ 5448180ms] [ERROR] Failed to load resource: the server responded with a status of 502 () @ https://dashboard.powerclubglobal.com/api/task-attempts?task_id=11b39d8b-b644-4e41-ac36-b88aceaf3e52:0
[ 5448180ms] [ERROR] [API Error] {message: Request failed with status 502, status: 502, response: Response, endpoint: https://dashboard.powerclubglobal.com/api/task-attempts?task_id=11b39d8b-b644-4e41-ac36-b88aceaf3e52, timestamp: 2026-03-07T18:08:41.711Z} @ https://dashboard.powerclubglobal.com/assets/index-Ccq6DXzw.js:659
[ 5450031ms] [ERROR] WebSocket connection to 'wss://dashboard.powerclubglobal.com/api/tasks/stream/ws?project_id=00000000-0000-0000-0000-000000000001' failed: Error during WebSocket handshake: Unexpected response code: 502 @ https://dashboard.powerclubglobal.com/assets/project-tasks-CeeYSht9.js:189
[ 5454619ms] [ERROR] Failed to load resource: the server responded with a status of 502 () @ https://dashboard.powerclubglobal.com/api/task-attempts?task_id=11b39d8b-b644-4e41-ac36-b88aceaf3e52:0
[ 5454620ms] [ERROR] [API Error] {message: Request failed with status 502, status: 502, response: Response, endpoint: https://dashboard.powerclubglobal.com/api/task-attempts?task_id=11b39d8b-b644-4e41-ac36-b88aceaf3e52, timestamp: 2026-03-07T18:08:48.150Z} @ https://dashboard.powerclubglobal.com/assets/index-Ccq6DXzw.js:659
[ 5460069ms] [ERROR] WebSocket connection to 'wss://dashboard.powerclubglobal.com/api/tasks/stream/ws?project_id=00000000-0000-0000-0000-000000000001' failed: Error during WebSocket handshake: Unexpected response code: 502 @ https://dashboard.powerclubglobal.com/assets/project-tasks-CeeYSht9.js:189
[ 5460073ms] [ERROR] Failed to load resource: the server responded with a status of 502 () @ https://dashboard.powerclubglobal.com/api/task-attempts?task_id=11b39d8b-b644-4e41-ac36-b88aceaf3e52:0
[ 5460073ms] [ERROR] [API Error] {message: Request failed with status 502, status: 502, response: Response, endpoint: https://dashboard.powerclubglobal.com/api/task-attempts?task_id=11b39d8b-b644-4e41-ac36-b88aceaf3e52, timestamp: 2026-03-07T18:08:53.603Z} @ https://dashboard.powerclubglobal.com/assets/index-Ccq6DXzw.js:659
[ 5461510ms] [ERROR] Failed to load resource: the server responded with a status of 502 () @ https://dashboard.powerclubglobal.com/api/task-attempts?task_id=11b39d8b-b644-4e41-ac36-b88aceaf3e52:0
[ 5461510ms] [ERROR] [API Error] {message: Request failed with status 502, status: 502, response: Response, endpoint: https://dashboard.powerclubglobal.com/api/task-attempts?task_id=11b39d8b-b644-4e41-ac36-b88aceaf3e52, timestamp: 2026-03-07T18:08:55.041Z} @ https://dashboard.powerclubglobal.com/assets/index-Ccq6DXzw.js:659
[ 5464822ms] [ERROR] Failed to load resource: the server responded with a status of 502 () @ https://dashboard.powerclubglobal.com/api/task-attempts?task_id=11b39d8b-b644-4e41-ac36-b88aceaf3e52:0
[ 5464824ms] [ERROR] [API Error] {message: Request failed with status 502, status: 502, response: Response, endpoint: https://dashboard.powerclubglobal.com/api/task-attempts?task_id=11b39d8b-b644-4e41-ac36-b88aceaf3e52, timestamp: 2026-03-07T18:08:58.354Z} @ https://dashboard.powerclubglobal.com/assets/index-Ccq6DXzw.js:659
[ 5469193ms] [ERROR] WebSocket connection to 'wss://dashboard.powerclubglobal.com/api/tasks/stream/ws?project_id=00000000-0000-0000-0000-000000000001' failed: Error during WebSocket handshake: Unexpected response code: 502 @ https://dashboard.powerclubglobal.com/assets/project-tasks-CeeYSht9.js:189
[ 5469197ms] [ERROR] Failed to load resource: the server responded with a status of 502 () @ https://dashboard.powerclubglobal.com/api/task-attempts?task_id=11b39d8b-b644-4e41-ac36-b88aceaf3e52:0
[ 5469200ms] [ERROR] [API Error] {message: Request failed with status 502, status: 502, response: Response, endpoint: https://dashboard.powerclubglobal.com/api/task-attempts?task_id=11b39d8b-b644-4e41-ac36-b88aceaf3e52, timestamp: 2026-03-07T18:09:02.730Z} @ https://dashboard.powerclubglobal.com/assets/index-Ccq6DXzw.js:659
[ 5474617ms] [ERROR] Failed to load resource: the server responded with a status of 502 () @ https://dashboard.powerclubglobal.com/api/task-attempts?task_id=11b39d8b-b644-4e41-ac36-b88aceaf3e52:0
[ 5474618ms] [ERROR] [API Error] {message: Request failed with status 502, status: 502, response: Response, endpoint: https://dashboard.powerclubglobal.com/api/task-attempts?task_id=11b39d8b-b644-4e41-ac36-b88aceaf3e52, timestamp: 2026-03-07T18:09:08.148Z} @ https://dashboard.powerclubglobal.com/assets/index-Ccq6DXzw.js:659
[ 5476029ms] [ERROR] Failed to load resource: the server responded with a status of 502 () @ https://dashboard.powerclubglobal.com/api/task-attempts?task_id=11b39d8b-b644-4e41-ac36-b88aceaf3e52:0
[ 5476030ms] [ERROR] [API Error] {message: Request failed with status 502, status: 502, response: Response, endpoint: https://dashboard.powerclubglobal.com/api/task-attempts?task_id=11b39d8b-b644-4e41-ac36-b88aceaf3e52, timestamp: 2026-03-07T18:09:09.560Z} @ https://dashboard.powerclubglobal.com/assets/index-Ccq6DXzw.js:659
[ 5478064ms] [ERROR] WebSocket connection to 'wss://dashboard.powerclubglobal.com/api/tasks/stream/ws?project_id=00000000-0000-0000-0000-000000000001' failed: Error during WebSocket handshake: Unexpected response code: 502 @ https://dashboard.powerclubglobal.com/assets/project-tasks-CeeYSht9.js:189
[ 5478393ms] [ERROR] Failed to load resource: the server responded with a status of 502 () @ https://dashboard.powerclubglobal.com/api/task-attempts?task_id=11b39d8b-b644-4e41-ac36-b88aceaf3e52:0
[ 5478394ms] [ERROR] [API Error] {message: Request failed with status 502, status: 502, response: Response, endpoint: https://dashboard.powerclubglobal.com/api/task-attempts?task_id=11b39d8b-b644-4e41-ac36-b88aceaf3e52, timestamp: 2026-03-07T18:09:11.924Z} @ https://dashboard.powerclubglobal.com/assets/index-Ccq6DXzw.js:659
[ 5483269ms] [ERROR] Failed to load resource: the server responded with a status of 502 () @ https://dashboard.powerclubglobal.com/api/task-attempts?task_id=11b39d8b-b644-4e41-ac36-b88aceaf3e52:0
[ 5483270ms] [ERROR] [API Error] {message: Request failed with status 502, status: 502, response: Response, endpoint: https://dashboard.powerclubglobal.com/api/task-attempts?task_id=11b39d8b-b644-4e41-ac36-b88aceaf3e52, timestamp: 2026-03-07T18:09:16.800Z} @ https://dashboard.powerclubglobal.com/assets/index-Ccq6DXzw.js:659
[ 5486705ms] [ERROR] Failed to load resource: the server responded with a status of 502 () @ https://dashboard.powerclubglobal.com/api/info:0
[ 5486706ms] [ERROR] [API Error] {message: Request failed with status 502, status: 502, response: Response, endpoint: https://dashboard.powerclubglobal.com/api/info, timestamp: 2026-03-07T18:09:20.236Z} @ https://dashboard.powerclubglobal.com/assets/index-Ccq6DXzw.js:659
[ 5486706ms] [ERROR] Error loading user system: ApiError: Request failed with status 502
    at F (https://dashboard.powerclubglobal.com/assets/index-Ccq6DXzw.js:631:11732)
    at async https://dashboard.powerclubglobal.com/assets/index-Ccq6DXzw.js:644:169168 @ https://dashboard.powerclubglobal.com/assets/index-Ccq6DXzw.js:659
[ 5486707ms] [ERROR] Failed to load resource: the server responded with a status of 502 () @ https://dashboard.powerclubglobal.com/api/projects/00000000-0000-0000-0000-000000000001:0
[ 5486722ms] [ERROR] [API Error] {message: Request failed with status 502, status: 502, response: Response, endpoint: https://dashboard.powerclubglobal.com/api/projects/00000000-0000-0000-0000-000000000001, timestamp: 2026-03-07T18:09:20.253Z} @ https://dashboard.powerclubglobal.com/assets/index-Ccq6DXzw.js:659
[ 5486722ms] [ERROR] Failed to load resource: the server responded with a status of 502 () @ https://dashboard.powerclubglobal.com/api/auth/me:0
[ 5487112ms] [ERROR] Failed to load resource: the server responded with a status of 502 () @ https://dashboard.powerclubglobal.com/api/tasks?project_id=00000000-0000-0000-0000-000000000001:0
[ 5487112ms] [ERROR] Failed to load resource: the server responded with a status of 502 () @ https://dashboard.powerclubglobal.com/api/projects:0
[ 5487112ms] [ERROR] Failed to load resource: the server responded with a status of 502 () @ https://dashboard.powerclubglobal.com/api/topsi/status:0
[ 5487123ms] [ERROR] [API Error] {message: Request failed with status 502, status: 502, response: Response, endpoint: https://dashboard.powerclubglobal.com/api/tasks?project_id=00000000-0000-0000-0000-000000000001, timestamp: 2026-03-07T18:09:20.654Z} @ https://dashboard.powerclubglobal.com/assets/index-Ccq6DXzw.js:659
[ 5487124ms] [ERROR] [API Error] {message: Request failed with status 502, status: 502, response: Response, endpoint: https://dashboard.powerclubglobal.com/api/projects, timestamp: 2026-03-07T18:09:20.654Z} @ https://dashboard.powerclubglobal.com/assets/index-Ccq6DXzw.js:659
[ 5487124ms] [ERROR] Failed to load resource: the server responded with a status of 502 () @ https://dashboard.powerclubglobal.com/api/sidebar/tree:0
[ 5487125ms] [ERROR] [API Error] {message: Request failed with status 502, status: 502, response: Response, endpoint: https://dashboard.powerclubglobal.com/api/sidebar/tree, timestamp: 2026-03-07T18:09:20.655Z} @ https://dashboard.powerclubglobal.com/assets/index-Ccq6DXzw.js:659
[ 5487287ms] [ERROR] Failed to load resource: the server responded with a status of 502 () @ https://dashboard.powerclubglobal.com/api/auth/github/check:0
[ 5487287ms] [ERROR] [API Error] {message: Request failed with status 502, status: 502, response: Response, endpoint: https://dashboard.powerclubglobal.com/api/auth/github/check, timestamp: 2026-03-07T18:09:20.818Z} @ https://dashboard.powerclubglobal.com/assets/index-Ccq6DXzw.js:659
[ 5487295ms] ApiError: Request failed with status 502
    at F (https://dashboard.powerclubglobal.com/assets/index-Ccq6DXzw.js:631:11732)
    at async https://dashboard.powerclubglobal.com/assets/index-Ccq6DXzw.js:644:169467
[ 5487338ms] [ERROR] Failed to load resource: the server responded with a status of 429 () @ https://o4509603705192449.ingest.de.sentry.io/api/4509605576441937/envelope/?sentry_version=7&sentry_key=1065a1d276a581316999a07d5dffee26&sentry_client=sentry.javascript.react%2F9.46.0:0
[ 5488542ms] [ERROR] Failed to load resource: the server responded with a status of 502 () @ https://dashboard.powerclubglobal.com/api/sidebar/tree:0
[ 5488543ms] [ERROR] [API Error] {message: Request failed with status 502, status: 502, response: Response, endpoint: https://dashboard.powerclubglobal.com/api/sidebar/tree, timestamp: 2026-03-07T18:09:22.074Z} @ https://dashboard.powerclubglobal.com/assets/index-Ccq6DXzw.js:659
[ 5488544ms] [ERROR] Failed to load resource: the server responded with a status of 502 () @ https://dashboard.powerclubglobal.com/api/projects:0
[ 5488545ms] [ERROR] [API Error] {message: Request failed with status 502, status: 502, response: Response, endpoint: https://dashboard.powerclubglobal.com/api/projects, timestamp: 2026-03-07T18:09:22.076Z} @ https://dashboard.powerclubglobal.com/assets/index-Ccq6DXzw.js:659
[ 5489611ms] [ERROR] Failed to load resource: the server responded with a status of 429 () @ https://o4509603705192449.ingest.de.sentry.io/api/4509605576441937/envelope/?sentry_version=7&sentry_key=1065a1d276a581316999a07d5dffee26&sentry_client=sentry.javascript.react%2F9.46.0:0
[ 5491770ms] [ERROR] Failed to load resource: the server responded with a status of 502 () @ https://dashboard.powerclubglobal.com/api/sidebar/tree:0
[ 5491771ms] [ERROR] Failed to load resource: the server responded with a status of 502 () @ https://dashboard.powerclubglobal.com/api/projects:0
[ 5491771ms] [ERROR] [API Error] {message: Request failed with status 502, status: 502, response: Response, endpoint: https://dashboard.powerclubglobal.com/api/sidebar/tree, timestamp: 2026-03-07T18:09:25.301Z} @ https://dashboard.powerclubglobal.com/assets/index-Ccq6DXzw.js:659
[ 5491772ms] [ERROR] [API Error] {message: Request failed with status 502, status: 502, response: Response, endpoint: https://dashboard.powerclubglobal.com/api/projects, timestamp: 2026-03-07T18:09:25.302Z} @ https://dashboard.powerclubglobal.com/assets/index-Ccq6DXzw.js:659
[ 5496774ms] [ERROR] Failed to load resource: the server responded with a status of 502 () @ https://dashboard.powerclubglobal.com/api/sidebar/tree:0
[ 5496774ms] [ERROR] Failed to load resource: the server responded with a status of 502 () @ https://dashboard.powerclubglobal.com/api/projects:0
[ 5496775ms] [ERROR] [API Error] {message: Request failed with status 502, status: 502, response: Response, endpoint: https://dashboard.powerclubglobal.com/api/sidebar/tree, timestamp: 2026-03-07T18:09:30.305Z} @ https://dashboard.powerclubglobal.com/assets/index-Ccq6DXzw.js:659
[ 5496775ms] [ERROR] [API Error] {message: Request failed with status 502, status: 502, response: Response, endpoint: https://dashboard.powerclubglobal.com/api/projects, timestamp: 2026-03-07T18:09:30.305Z} @ https://dashboard.powerclubglobal.com/assets/index-Ccq6DXzw.js:659
[ 5497153ms] [ERROR] Failed to load resource: the server responded with a status of 502 () @ https://dashboard.powerclubglobal.com/api/projects:0
[ 5497153ms] [ERROR] [API Error] {message: Request failed with status 502, status: 502, response: Response, endpoint: https://dashboard.powerclubglobal.com/api/projects, timestamp: 2026-03-07T18:09:30.683Z} @ https://dashboard.powerclubglobal.com/assets/index-Ccq6DXzw.js:659
[ 5497205ms] [ERROR] Failed to load resource: the server responded with a status of 502 () @ https://dashboard.powerclubglobal.com/api/auth/login:0
[ 5497206ms] [ERROR] Login failed: Error: Login failed
    at lre (https://dashboard.powerclubglobal.com/assets/index-Ccq6DXzw.js:632:31046)
    at async o (https://dashboard.powerclubglobal.com/assets/index-Ccq6DXzw.js:640:7674)
    at async p (https://dashboard.powerclubglobal.com/assets/index-Ccq6DXzw.js:644:188723) @ https://dashboard.powerclubglobal.com/assets/index-Ccq6DXzw.js:659
[ 5499886ms] [ERROR] Failed to load resource: the server responded with a status of 502 () @ https://dashboard.powerclubglobal.com/api/projects:0
[ 5499887ms] [ERROR] [API Error] {message: Request failed with status 502, status: 502, response: Response, endpoint: https://dashboard.powerclubglobal.com/api/projects, timestamp: 2026-03-07T18:09:33.417Z} @ https://dashboard.powerclubglobal.com/assets/index-Ccq6DXzw.js:659
[ 5502738ms] [ERROR] Failed to load resource: the server responded with a status of 502 () @ https://dashboard.powerclubglobal.com/api/projects:0
[ 5502739ms] [ERROR] [API Error] {message: Request failed with status 502, status: 502, response: Response, endpoint: https://dashboard.powerclubglobal.com/api/projects, timestamp: 2026-03-07T18:09:36.270Z} @ https://dashboard.powerclubglobal.com/assets/index-Ccq6DXzw.js:659
[ 5507096ms] [ERROR] Failed to load resource: the server responded with a status of 502 () @ https://dashboard.powerclubglobal.com/api/projects:0
[ 5507097ms] [ERROR] [API Error] {message: Request failed with status 502, status: 502, response: Response, endpoint: https://dashboard.powerclubglobal.com/api/projects, timestamp: 2026-03-07T18:09:40.628Z} @ https://dashboard.powerclubglobal.com/assets/index-Ccq6DXzw.js:659
